GuessPOS?	Form	Lema	POS	Feats	Significado	Glosa	1524	1510	1509
_	a	a	ADV		ya				
_	a	a	PART			QST			
_	áa		VERB		resuena				
_	alberja		NOUN		chícharo				
_	ama		NUM	NumType=Card	uno				
_	baʼa		NOUN		casa				
_	baku		NOUN		casa				
_	nbaku		NOUN		casa				
_	bakuu		NOUN		cárcel				
_	bakú		NOUN		cárcel				
_	beâ		NOUN		naranja				
_	bea		VERB		hay	?-existir-3SG			
_	bea				sentado				
x	beaku		ADJ		elegante				
_	beanete		NOUN		limón				
_	beanu		NOUN		epazote				
x	bedbêe		NOUN		envidia				
_	bede		NOUN		español				
_	bedinuu		NOUN		milagro				
_	bee		NOUN		oreja				
x	bee		ADJ		ciego				
_	bëe		NOUN		orilla				
_	biʼi		NOUN		hermano(a)				
x	bíchaa		ADJ		gordo				
_	bichñoʼö		NOUN		carpintero				
_	biidi		NOUN		pasle				
_	bíku		NOUN		fiesta				
_	bíni		NOUN		charco				
_	bítuu		NOUN		viga				
_	boʼo		NOUN		miedo				
_	chakun		NOUN		mi mamá				
_	chakud		NOUN		tu mamá	mamá-POSS.2SG			
_	chaku		NOUN		mi mamá				
_	cheʼed		VERB		come				
_	chea		DET	PronType=Int	cuál				
_	chéa		NOUN		comal				
_	chéanu		VERB		gusté	?-gustar-1SG			
_	cheanu		VERB		corrió				
_	cheanu		NOUN		cuñada				
_	cheanú		VERB		sufrí	?-sufrir-1SG			
_	cheanuu		VERB	VerbForm=Stat	largo				
_	cheatea		VERB	VerbForm=Stat	grande				
x	chéatu		ADJ		sordo				
x	chebä		NOUN		comer,comida				
_	chebinu		VERB		cenar				
_	cheede		NOUN		carga				
_	cheene		NOUN		soplador				
_	cheete		NOUN		estómago				
_	cheutumañ		VERB	VerbForm=Fin	rodear	?-rodear-3SG.HUM			
x	chï		DET		eso				
_	chíbat		NOUN		telaraña				
_	chibatu		NOUN		chivo				
_	chichi		VERB	VerbForm=Fin	se quemó	?-quemarse-?			
x	chíchi		ADJ		apretado				
_	chídi		NOUN		garrapata				
_	chidúbi		NOUN		cucaracha				
_	chiíta		VERB	VerbForm=Fin	creció	?-crecer-?			
_	chíka		VERB	VerbForm=Fin	corté	CPL-cortar-1SG			
_	chikuʼu		NOUN		abuela				
_	chikudaya		NOUN		comadre				
x	chindiyaa		VERB		asustó				
_	chini		VERB	VerbForm=Fin	tronar	?-tronar-?			
_	chíní		NOUN		frijolar				
_	chìní		NOUN		hígado				
_	chinti		NOUN		boca				
x	chinyadi		ADJ		chismoso				
_	chita		NOUN		olla				
_	chiya		NOUN		lengua				
x	chó		DET		aquello				
_	chóʼoo		VERB		pasó				
_	chunti								
_	chúnti		NOUN		grillo				
_	clinika	clínica	NOUN		clínica				
_	daday		NOUN		su yerno	yerno-POSS.3SG.HUM			
_	dada		NOUN		yerno, cuñado				
_	daku		NOUN		sobrino				
x	dama		ADJ		igual				
_	dankubi		NOUN		llovizna				
x	danti		NOUN		flojera				
_	dantu		NOUN		cuello				
x	danu		ADJ		raro				
_	dànu		NOUN		sombra				
_	daya		NOUN		hijo(a)				
_	dayata	daya	NOUN		su.hijo(a)	hijo-POSS.3SG.FEM			
_	daybede		NOUN		hijastro(a)				
_	daynuni		NOUN		ahijado(a)				
_	deabea		NOUN		alumbrado				
_	deache		NOUN		resina				
_	deachea		NOUN		mugre				
x	deakea		ADJ		despeinado(a)				
_	deakea		NOUN		nido				
_	dí		PRON	PronType=Prs	tú	2SG			
_	dibi		NOUN		estiércol				
_	dii		PRON	PronType=Prs	tú	2SG			
x	dii		ADJ		resistente				
_	díi		NOUN		caspa				
x	díi		NOUN		tamo				
_	dijuku		NOUN		tecolote				
_	tecolote		NOUN		tecolote				
_	dikúnu		NOUN		nuera				
_	dikuoʼoo		NOUN		bebé				
_	díkuy		NOUN		pecho				
_	díma		NOUN		cáscara				
_	dininii		NOUN		cuerno				
_	dínu		NOUN		hermano				
_	dinuu		NOUN		gorro				
_	dinuu		NOUN		talón				
_	diñu		NOUN		diente				
_	dítdanti		NOUN		correcamino				
_	dituu		VERB	VerbForm=Stat	fuerte				
_	dunu		NOUN		mi tío				
_	dunun		NOUN		mi tío				
_	diyan		NOUN		su tío				
_	dìya		NOUN		mi tío				
_	diya		NOUN		mi tío				
_	diydaʼa		NOUN		raíz				
_	dóo				hiel				
_	dü		NOUN		manteca				
_	dü		NOUN		uña				
_	dúchi		NOUN		codo				
_	dúdi		NOUN		tía				
_	dudi		NOUN		tía				
_	dúku		VERB		robé				
x	düntuu		NOUN		marca de un golpe				
_	dutit		NOUN		huevo				
_	dutu		NOUN		nariz				
_	duutu		NOUN		tronco				
x	eaku		VERB		suena				
x	eche		ADJ		punzado				
x	gea		NOUN		subida				
_	géche		NOUN		ala				
x	gèche		ADJ		macizo				
_	gëe		VERB	VerbForm=Fin	huele	?-oler-?			
_	gèète		NOUN		tripa				
_	gibii		NOUN		hierbabuena				
x	gideabe		VERB		está amaneciendo				
_	gikuu		NOUN		cuchillo				
_	gimbeaku		NOUN		hierba santa				
_	ginchéte		NOUN		lodo				
_	ginoyaanti		VERB		bostezar				
_	gíta		NOUN		dolor				
_	gíyeye		NOUN		ceniza				
x	giyeyoo		NOUN		bule (para agua)				
_	giyuu		NOUN		carbón				
_	giʼï		VERB		gotea				
_	gua		PART		no	NEG			
_	iba		NOUN		hielo				
_	íba		NOUN		hilo				
x	icha		ADJ		frío				
_	ícha		NOUN		tipo de quelite				
x	ii		VERB		pesa				
_	íku	íku	ADV		ayer				
_	íkùù		NOUN		hormiga				
_	íma		NOUN		zorrillo				
_	inbíku		NOUN		semana santa				
_	santieʼe		NOUN		autoridades				
_	intieʼë		NOUN		autoridad				
_	intoʼö		NOUN		suegra				
x	inuu		ADJ		caliente				
_	ínuu		NOUN		calor				
x	inʼö		NOUN		sueño,soñar				
_	iñ		NOUN		gente				
_	iña		NOUN		gente				
_	iñsoʼö niku		NOUN		suegro				
_	iñtoʼö		NOUN		guajolota				
_	inu	inu	NUM	NumType=Card	tres				
_	íñu		NOUN		estrella				
_	it dituu		NOUN		mula				
_	it dutu		NOUN		caracol				
_	it icha		NOUN		cochinilla				
_	itcheanu		NOUN		venado				
_	itdaʼaa		NOUN		alacrán				
_	itduza		NOUN		puerco espín				
_	iti		NOUN		animal				
_	itintu		NOUN		toro				
_	itjingatu		NOUN		libélula				
_	itjoó		NOUN		cadera				
_	itkudintaa		NOUN		tijerilla(insecto)				
_	itñoʼo		NOUN		insecto palo				
_	itñoʼö		NOUN		luciérnaga				
_	itsó		NOUN		sapo				
_	itsoʼö		NOUN		guajolote				
_	iyaa		NOUN		chile				
_	iynutii		NOUN		chile piquín				
_	iyu		NOUN		mes				
_	iyu		NOUN		luna				
_	íyu		NOUN		pulga				
_	iʼbaa		NOUN		guacamaya				
_	íʼku		NOUN		piojo				
_	iʼyaa		NOUN		águila				
_	iʼyu		NOUN		mecate				
_	jààba		NOUN		ingredientes				
_	jabnutu		VERB		da vueltas				
_	jadi		NOUN		tepache				
_	jaʼa		NOUN		cáscara				
_	jiba		NOUN		petate				
_	jíba		NOUN		sanja				
_	jidéaku		NOUN		basura				
_	jijobaa		NOUN		sombras de estaciones en la fiesta de semana santa				
_	jika		NOUN		camina				
_	jikioʼö		NOUN		bosque				
_	jíku		NOUN		cerro				
_	jíku		NOUN		río				
_	jima		NOUN		sal				
_	jinákuu		NOUN		reglamento, bastón de mando				
_	jingö		NOUN		milpa				
_	jingu		VERB		moler				
_	jingunoo		VERB		masticar				
_	jinìnii		NOUN		araña				
_	jinta		VERB		se moja				
_	jíntinii		NOUN		estaca para sembrar				
_	jintu		VERB		están barbechando				
_	jita		VERB	VerbForm=Fin	canta	?-cantar-?			
_	jitiaka		NOUN		platanal				
_	jiyáka		NOUN		polvo				
_	jiyuu		NOUN		carrizo				
_	jobe		NOUN		día				
_	jóbe		NOUN		nombre				
_	jòò		NUM		seis				
_	joobe		NOUN		voladero				
_	joʼö		VERB		suena				
_	jubii		NOUN		lugar arenoso				
_	juchi		NOUN		sobrina				
_	júku		NOUN		estaca				
_	juuchi		NOUN		flama				
_	juʼü		NUM		cinco				
_	kä		NOUN		zancudo				
_	káa		NOUN		filo				
x	kaaba		ADJ		suelto				
x	kàba		ADJ		feo				
_	kàchi		NOUN		avispa				
_	kadi		NOUN		peso($)				
_	kajobe		ADV		anteayer				
_	kaaka		NOUN		papel				
_	kaka		NOUN		papel				
_	káka		NOUN		peine				
_	kaka yòò		NOUN		cal				
_	kákaa		NOUN		cansancio				
_	kambo		NOUN		compadre				
_	kane		VERB		está	?-estar-?			
x	kaniku		NOUN		deber (algo pendiente)				
x	kaníku		NOUN		algo colgado				
x	känta		ADJ		delicado, peligroso				
_	kantaa		NOUN		guerra				
x	kanuñ		VERB		está (adentro)				
_	jadii		NOUN		tepache				
_	karrunti		NOUN		arcoiris				
_	káya		VERB	VerbForm=Stat|Number=Plur	pequeñas				
_	kéabea		NOUN		mi hermana				
_	keabea		NOUN		hermano(a)				
_	keadea		NOUN		comezón				
_	kiana		NOUN		camisa				
_	kinü	kinü	ADV		mañana en la noche				
_	koʼo		NOUN		pie				
x	kuä		ADJ		negro				
_	kuaa		NOUN		relámpago				
_	kuàà		NOUN		derrumbe				
x	kuaku		ADJ		derecho				
x	kubdeabea		VERB		amanecer				
_	kubi		NOUN		lluvia				
_	kubnoʼö		NOUN		aguacero				
_	kuch-cheanu		NOUN		jabalí				
_	kuch-nùni		NOUN		tepexcuintle				
_	kuchi		NOUN		marrano				
_	kudiana		NOUN		campamocha				
_	kudima		NOUN		calzón de manta.				
_	kudintaa		NOUN		tijera				
_	kudubi		NOUN		cuchara				
x	kué		ADJ		chueco				
x	kúë		ADJ		delgado				
x	kuea		ADJ		blanco				
_	kueatea		NOUN		canasto				
_	kueatʼichi		NOUN		canasta				
_	kuëd		VERB		aprender				
x	kuèè		ADJ		verde				
x	kuëe		VERB		va a llover				
_	kuejobe		NOUN		azul cielo				
x	kuejuku		VERB		adornar				
_	kueten		NOUN		campo				
_	kuete		NOUN		campo				
x	kuili		NOUN		renacuajo				
x	kuintu		ADJ		mojado				
_	kuiñu		NOUN		comadreja				
x	kuiñú		ADJ		picudo				
_	kuíyaa		NOUN		escobilla				
_	kukáa		NOUN		molcajete				
_	kukubii		NOUN		búho				
_	kulanto		NOUN		cilantro				
_	kunette		NOUN		cienpies				
x	kúnu		ADJ		blando				
x	kunuu		ADJ		resbaloso				
x	kuoʼo		ADJ		rojo				
x	kuöo		ADJ		amarillo				
_	kusanto		NOUN		copal				
_	kuu		NOUN		víbora				
_	kúu		NOUN		fierro				
_	kuuchi		NOUN		algodón				
_	kuʼu		NOUN		plato				
_	laasi		NOUN		lodo				
x	laatu		ADJ		arado				
_	labente		NOUN		duende				
x	laka		NOUN		chachalaca				
_	lanti		NOUN		hueso				
_	lantikud		NOUN		costilla				
x	leabe		ADJ		aguado				
_	leantu		NOUN		lagaña				
_	leeko		NOUN		coyote				
_	lï		VERB	VerbForm=Stat|Number=Sing	pequeño				
x	lii		ADJ		arrugado				
_	lítu		NOUN		saquetón				
_	lö		NOUN		hoyo				
_	lunchi		NOUN		borrego				
x	lunti		ADJ		redondo				
x	lútii		ADJ		corto				
x	luuchi		ADJ		bonito				
_	marceja		NOUN		murciélago				
x	mee		ADJ		nublado				
_	meede		NOUN		calceta				
_	mï		NOUN		camote				
x	mnoo		ADV		arriba				
_	mogechey		NOUN		axila				
x	moo		ADV		abajo				
_	muʼu		ADV		aquí				
_	naama		NOUN		jabón				
x	nabeánu		NOUN		aborto				
_	naboʼoo		NOUN		cereza, capulín				
_	naíba		NOUN		mercado				
_	naídii		NOUN		aguacate				
_	naiyaa		NOUN		salsa				
_	najaʼa		NOUN		nuez				
_	naneachea		VERB		borrar				
_	nanta		NOUN		flor				
_	nantioö		NOUN		rosa				
x	ndá		ADJ		bueno				
_	ndakuu		NOUN		guarache				
x	ndee		ADJ		mucho				
_	ndete		NOUN		ejote				
_	ndiʼi		NOUN		mosca				
_	ndúbi		NOUN		grano				
_	në		NOUN		mole				
_	ñoʼö	ñoʼo	NOUN		árbol				
_	ñoʼo	ñoʼo	NOUN		árbol				
_	neatuu		NOUN		tomate				
_	neache		NUM	NumType=Card	siete				
_	neene		NOUN		guaje				
_	niini		NOUN		guaje				
_	nibii		NOUN		papa				
_	nichama		NUM		once				
_	nichi		NUM		díez				
_	nichubi		NUM		doce				
_	nïi		NOUN		chayote				
_	niichi		VERB		ver				
_	níitu		NOUN		nopal				
x	nínaa		ADJ		maduro				
x	ninchii		ADJ		cocido				
_	nini		NUM	NumType=Card	nueve				
_	nínu	nínu	NOUN		maíz				
_	nioʼoo		NOUN		suelo				
x	nnintubii		ADJ		descompuesto				
_	nóʼo		NOUN		maestro, adobe				
_	ntu		NOUN		atole				
_	nukñoʼö		NOUN		brasa				
x	nukueʼë		ADJ		todo				
_	nukyanti		NOUN		guanábana				
_	nukyoo		NOUN		membrillo				
_	nuna		NOUN		pitalla				
_	nuni		NOUN		agua				
_	núni		NOUN		frijol				
_	nunñoʼö		NOUN		mar				
_	nunti		NOUN		delito				
_	nutbee		NOUN		arete				
_	nutiukuu		NOUN		semilla				
_	nutnoo		NOUN		ojo				
_	nutñoo		NOUN		zarzamora				
_	nuttoʼo		NOUN		dedo				
_	nutyákuu		NOUN		cebolla				
_	nuuku		NOUN		chirimoya				
_	núuku		NOUN		vara				
_	nuutii		NOUN		bolita				
_	obe		NUM		dos				
x	ráti		ADJ		rasposo				
_	uu	uu	PRON	PronType=Prs	yo	1SG			
_	un	uu	PRON	PronType=Prs	yo	1SG			
_	ú	uu	PRON	PronType=Prs	yo	1SG			
_	tuʼú		NOUN		pollo				
_	tuʼu		NOUN		pollo				
_	yaʼa		VERB		duele	?-doler-?			
_	yaʼa		NOUN		dolor				
_	yaʼa		VERB		amo	?-amar-?			
_	yaʼaa		NOUN		jícara				
x	yáʼa		ADJ		húmedo				
_	yââ		NOUN		barranco				
_	yàaku		NOUN		mosquito				
_	yába		NOUN		rocas planas				
_	yába		NOUN		piedra grande				
_	yába		NOUN		memela				
_	yábaa		NOUN		arador				
_	yabi		ADV		anoche				
_	yábi		VERB		le hablé				
_	yachi		NOUN		masa				
_	yada		NOUN		vestido				
_	yada		NOUN		pájaro				
x	yadi		ADJ		dulce				
_	yadnuni		NOUN		pato				
_	yadyeeko		NOUN		codorniz				
x	yagii		VERB		duele	?-doler-?			
_	yaka		NOUN		pescado				
_	yakaa		NOUN		ocote				
x	yaku		ADJ		alto				
_	yáku		NOUN		iglesia				
x	yàku		ADJ		apestoso				
_	yama		NOUN		zacate				
_	yami		NOUN		humo				
_	yàna		NOUN		red				
_	yánaa		NOUN		mi perro				
_	ñana		NOUN		perro				
_	yana		NOUN		perro				
_	yat kúiyu		NOUN		sause				
_	yata		NOUN		hierba				
_	yata		NOUN		paloma				
_	yata		NOUN		pichón				
_	yáta		NOUN		tlacuache				
_	yati		NOUN		chindete				
x	yáti		ADJ		simple				
_	yatneachea		NOUN		escoba de vara				
x	yeabea		ADJ		bonito(a)				
_	yéabea		NOUN		mariposa				
x	yoʼo		NOUN		culluchi				
x	yojinu		ADJ		contento(a)				
x	ñojínu		ADJ		contento(a)				
_	yoko		NOUN		tenate para cargar				
_	yuku		NOUN		tenate para cargar				
x	yoo		ADJ		amargo				
_	yoo		NOUN		brazada				
_	yoo kastila		NOUN		sávila				
_	yubi		NOUN		tejón				
_	yúbi		NOUN		mapache				
_	yuchii		NOUN		puño				
_	yuchmee		NOUN		cerebro				
_	yudi		NOUN		rata				
_	yúdi		NOUN		elote				
x	yudii		ADJ		arrugado				
_	yudnoo		NOUN		barba				
_	yudu		NOUN		cabello				
x	yuduu		ADJ		plano (lugar)				
_	yuduu		NOUN		caballo				
_	yúduu		NOUN		caballo				
_	yukjaʼa		NOUN		chilacayota				
_	yúku		NOUN		lagartija				
_	yúkuu		NOUN		calabaza				
_	yuna		NOUN		zorro				
_	yúni		NOUN		camino				
_	yuntu		NOUN		tortilla				
_	yúntu		NOUN		tabla				
x	yúnuu		ADJ		tierno				
_	yuta		NOUN		carne				
_	yuti		NOUN		costra				
_	yuudu		NOUN		metate				
_	yuuna		NOUN		aire				
_	yuuni		NOUN		pasto				
_	yuunu		NOUN		cigarro				
_	takoon	takoo	PRON	PronType=Prs	ella	3SG.FEM			
_	takon	takoo	PRON	PronType=Prs	ella	3SG.FEM			
_	takoo	takoo	PRON	PronType=Prs	ella	3SG.FEM			
_	sakoon	sakoo	PRON	PronType=Prs	él	3SG.MSC			
_	sakon	sakoo	PRON	PronType=Prs	él	3SG.MSC			
_	sakó	sakoo	PRON	PronType=Prs	él	3SG.MSC			
_	sako	sakoo	PRON	PronType=Prs	él	3SG.MSC			
_	sakoo	sakoo	PRON	PronType=Prs	él	3SG.MSC			
_	insen	insen	PRON	PronType=Prs	ustedes	2PL			
_	mozo		NOUN		mozo				
_	nóyota		NOUN		años				
_	Kukoo		PROPN		Tepeuxila	LOC			
_	Jibakun		PROPN		Cuicatlán	LOC			
_	Jibaku		PROPN		Cuicatlán	LOC			
_	Nacho	Nacho	PROPN		Nacho				
_	María	María	PROPN		María				
_	Julio	Julio	PROPN		Julio				
_	tumi	tumi	NOUN		dinero				
_	acha	acha	NOUN		hacha				
_	chida		NOUN		mi papá				
_	chidan		NOUN		mi papá				
_	chete		NOUN		estómago				
_	nutbii		NOUN		frutas				
_	santië		NOUN		presidente				
_	ñaa		NOUN		vela				
_	ñoʼó		NOUN		terreno				
_	ñoó		NOUN		lumbre				
_	pañu		NOUN		rebozo				
_	nunyadi		NOUN		refresco				
_	chikuʼu		NOUN		mi abuelita				
_	yada		NOUN		perro				
_	noʼoo		NOUN		bala				
_	betee		NOUN		tamal				
_	koon		DET		ese				
_	koon		NOUN		señora				
_	skuela	skuela	NOUN		escuela				
_	tòò		ADV		ahí				
_	no	no	ADP		en	LOC			
_	nuku	nuku	ADP		con	con			
_	chi	chi	SCONJ		que	COMPL			
_	tochi	tochi	SCONJ		cuando	cuando			
_	ñeʼe	ñeʼe	NOUN	NounType=Relat	de él	base-POSS.3SG			
_	ñeʼë	ñeʼe	NOUN	NounType=Relat	de mí	base-POSS.1SG			
_	ñëʼed	ñeʼe	NOUN	NounType=Relat	de ti	base-POSS.2SG			
_	ñeʼed	ñeʼe	NOUN	NounType=Relat	de ti	base-POSS.2SG			
_	ñeʼën	ñeʼe	NOUN	NounType=Relat	de mí	base-POSS.1SG			
_	ñeʼeñ	ñeʼe	NOUN	NounType=Relat	de él	base-POSS.3SG.HUM			
_	ñëʼeñ	ñeʼe	NOUN	NounType=Relat	de él	base-POSS.3SG.HUM			
_	ñeʼëñ	ñeʼe	NOUN	NounType=Relat	de él	base-POSS.3SG.HUM			
_	ñëʼes	ñeʼe	NOUN	NounType=Relat	de él	base-POSS.3SG.MSC			
_	ñeʼës	ñeʼe	NOUN	NounType=Relat	de él	base-POSS.3SG.MSC			
_	ñeeta	ñeʼe	NOUN	NounType=Relat	de ella	base-POSS.3SG.FEM			
_	ñëta	ñeʼe	NOUN	NounType=Relat	de ella	base-POSS.3SG.FEM			
_	jínyinii		VERB	VerbForm=Fin	sembrar	?-sembrar-?			
_	jiinuy		VERB	VerbForm=Fin	siembra	?-sembrar-3SG.HUM			
_	jínuñ		VERB	VerbForm=Fin	siembra	?-sembrar-?			
_	jínus		VERB	VerbForm=Fin	siembra	?-sembrar-3SG.MSC			
_	nichis		VERB	VerbForm=Fin	vio	?-ver-3SG.MSC			
_	nichiy		VERB	VerbForm=Fin	vio	?-ver-3SG.HUM			
_	nichita		VERB	VerbForm=Fin	vio	?-ver-3SG.FEM			
_	jinus		VERB	VerbForm=Fin	usa	?-usar-3SG.MSC			
_	nood	kaʼan	VERB	VerbForm=Fin	llegaste	?-?-2SG			
_	noʼó	kaʼan	VERB	VerbForm=Fin	voy	?-?-1SG			
_	chúʼüu	kaʼan	VERB	VerbForm=Fin	fuimos	CPL-ir-1PL			
_	cheʼë	kaʼan	VERB	VerbForm=Fin	fui	CPL-ir-1SG			
_	kuʼes	kaʼan	VERB	VerbForm=Fin	fue	PROG-ir-3SG.MSC			
_	cheés	kaʼan	VERB	VerbForm=Fin	fue	CPL-ir-3SG.MSC			
_	cheʼéy	kaʼan	VERB	VerbForm=Fin	fue	CPL-ir-3SG.HUM			
_	kueʼëñ	kaʼan	VERB	VerbForm=Fin	fue	PROG-ir-?			
_	cheʼeñ	kaʼan	VERB	VerbForm=Fin	fue	CPL-ir-?			
_	kuey	kaʼan	VERB	VerbForm=Fin	fue	PROG-ir-3SG.HUM			
_	koʼöd	kaʼan	VERB	VerbForm=Fin	irás	POT-ir-2SG			
_	koʼo	kaʼan	VERB	VerbForm=Fin	iré	POT-ir-1SG			
_	koʼö	kaʼan	VERB	VerbForm=Fin	iré	POT-ir-1SG			
_	cheʼed	kaʼan	VERB	VerbForm=Fin	fuiste	CPL-ir-2SG			
_	jeʼëñ	kaʼan	VERB	VerbForm=Fin	va	?-ir-?			
_	koʼoñ	kaʼan	VERB	VerbForm=Fin	irá	POT-ir-?			
_	jeʼëta	kaʼan	VERB	VerbForm=Fin	van	?-ir-3SG.FEM			
_	jeʼen	kaʼan	VERB	VerbForm=Fin	vamos	?-ir-1PL			
_	jeʼeñ	kaʼan	VERB	VerbForm=Fin	va	?-ir-?			
_	jeʼé	kaʼan	VERB	VerbForm=Fin	voy	?-ir-1SG			
_	kueʼeñ	kaʼan	VERB	VerbForm=Fin	fue	?-ir-?			
_	kueʼëd	kaʼan	VERB	VerbForm=Fin	vé	?-ir-2SG			
_	jee	cheʼe	VERB	VerbForm=Fin	como	?-comer-1SG			
_	jeʼet	cheʼe	VERB	VerbForm=Fin	come	?-comer-3SG 			
_	jeét	cheʼe	VERB	VerbForm=Fin	come	?-comer-3SG 			
_	jeéta	cheʼe	VERB	VerbForm=Fin	come	?-comer-3SG.FEM			
_	jeéy	cheʼe	VERB	VerbForm=Fin	come	?-comer-3SG.HUM			
_	cheʼet	cheʼe	VERB	VerbForm=Fin	comio	?-comer-3SG.AML			
_	cheʼe	cheʼe	VERB	VerbForm=Fin	como	?-comer-1SG			
_	cheʼes	cheʼe	VERB	VerbForm=Fin	come	?-comer-3SG.MSC			
_	jeeya	cheʼe	VERB	VerbForm=Fin	come	?-comer-3SG.HUM			
_	cheed	cheʼe	VERB	VerbForm=Fin	come	?-comer-2SG			
_	cheeta	cheʼe	VERB	VerbForm=Fin	come	?-comer-3SG.FEM			
_	chuʼuu	cheʼe	VERB	VerbForm=Fin	comemos	?-comer-1PL			
_	cheʼey	cheʼe	VERB	VerbForm=Fin	come	?-comer-3SG.HUM			
_	jeʼe	cheʼe	VERB	VerbForm=Fin	estoy.comiendo	?-comer-1SG			
_	chuʼuu	cheʼe	VERB	VerbForm=Fin	comemos	?-comer-1PL			
_	neʼë		VERB	VerbForm=Fin	quiero	?-querer-1SG			
_	nee		VERB	VerbForm=Fin	quería	?-querer-?			
_	neʼé		VERB	VerbForm=Fin	quiero	?-querer-1SG			
_	neé		VERB	VerbForm=Fin	quiere	?-querer-?			
_	neʼe		VERB	VerbForm=Fin	quiere	?-querer-?			
_	neʼes		VERB	VerbForm=Fin	quiere	?-querer-3SG.MSC			
_	neʼeñ		VERB	VerbForm=Fin	quiere	?-querer-3SG.HUM			
_	ñeʼen		VERB	VerbForm=Fin	quiere	?-querer-?			
_	nikus		VERB	VerbForm=Fin	vendio	?-vender-3SG.MSC			
_	jiniku		VERB	VerbForm=Fin	vendo	?-vender-1SG			
_	jinikuy		VERB	VerbForm=Fin	vende	?-vender-3SG.HUM			
_	jiníkuy		VERB	VerbForm=Fin	vendio	?-vender-3SG.HUM			
_	jinuy		VERB	VerbForm=Fin	pone	?-poner-3SG.HUM			
_	jiíy		VERB	VerbForm=Fin	toma	?-tomar-3SG.HUM			
_	jiì		VERB	VerbForm=Fin	tomo	?-tomar-1SG			
_	kuʼu	kúʼu	VERB	VerbForm=Fin	tomo	POT-tomar-1SG			
_	jinoo		VERB	VerbForm=Fin	sale	?-salir-?			
_	jiknó		VERB	VerbForm=Fin	salen	?-salir-?			
_	jino		VERB	VerbForm=Fin	sale	?-salir-?			
_	jinó		VERB	VerbForm=Fin	sale	?-salir-?			
_	kano		VERB	VerbForm=Fin	salieron	?-salir-?			
_	kanó		VERB	VerbForm=Fin	salí	?-salir-1SG			
_	kanoo		VERB	VerbForm=Fin	salió	?-salir-?			
_	ted		VERB		dame	?-dar-2SG			
_	joʼoy		VERB	VerbForm=Fin	da	?-dar-?			
_	chika		VERB	VerbForm=Fin	corté	CPL-cortar-1SG			
_	kàkad		VERB	VerbForm=Fin	cortar	POT-cortar-2SG			
_	kaaka		VERB	VerbForm=Fin	cortar	POT-cortar-?			
_	kua	kua	VERB	VerbForm=Fin	comprar	POT-comprar-1SG			
_	kaa	kua	VERB	VerbForm=Fin	comprar	CPL-comprar-1SG			
_	kuaa	kua	VERB	VerbForm=Fin	comprar	POT-comprar-1SG			
_	káta	kua	VERB	VerbForm=Fin	compró	CPL-comprar-3SG.FEM			
_	kaá	kua	VERB	VerbForm=Fin	compré	CPL-comprar-1SG			
_	ká	kua	VERB	VerbForm=Fin	comprar	CPL-comprar-1SG			
_	kay	kua	VERB	VerbForm=Fin	comprar	CPL-comprar-3SG.HUM			
_	kad	kua	VERB	VerbForm=Fin	comprar	CPL-comprar-2SG			
_	kuad	kua	VERB	VerbForm=Fin	comprar	POT-comprar-2SG			
_	kúad	kua	VERB	VerbForm=Fin	comprar	POT-comprar-2SG			
_	jaata	kua	VERB	VerbForm=Fin	compra	PROG-comprar-3SG.FEM			
_	koʼoy		VERB	VerbForm=Fin	pegaron	?-pegar-?			
_	jinuu		VERB	VerbForm=Fin	pongo	?-poner-1SG			
_	jinikuta		VERB	VerbForm=Fin	vende	?-vender-3SG.FEM			
_	jitubita		VERB	VerbForm=Fin	ocupa	?-ocupar-3SG.FEM			
_	nguas		VERB	VerbForm=Fin	traer	?-traer-3SG.MSC			
_	chikata		VERB	VerbForm=Fin	pidió	?-pedir-3SG.FEM			
_	chiis		VERB	VerbForm=Fin	puso	?-poner-3SG.MSC			
_	chëe		VERB	VerbForm=Fin	aprendí	?-aprender-1SG			
_	nanáa		VERB	VerbForm=Fin	hacer	?-hacer-?			
_	jintibiy		VERB	VerbForm=Fin	hace	?-hacer-3SG.HUM			
_	nindamas		VERB	VerbForm=Fin	juntó	?-juntar-3SG.MSC			
_	jinaá		VERB	VerbForm=Fin	preparo	?-preparar-1SG			
_	nichi		VERB	VerbForm=Fin	vi	?-ver-1SG			
_	jinánuy		VERB	VerbForm=Fin	está lavando	?-lavar-3SG.HUM			
_	nánu		VERB	VerbForm=Fin	lavo	?-lavar-1SG			
_	chines		VERB	VerbForm=Fin	ayudó	?-ayudar-3SG.MSC			
_	jinikus		VERB	VerbForm=Fin	vende	?-vender-3SG.MSC			
_	kákud		VERB	VerbForm=Fin	haz	?-hacer-2SG			
_	jeé		VERB	VerbForm=Fin	como	?-comer-1SG			
_	chee		VERB	VerbForm=Fin	comer	?-comer-1SG			
_	nabeanud		VERB	VerbForm=Fin	recoger	?-recoger-2SG			
_	kuéd		VERB	VerbForm=Fin	vé	?-ir-2SG			
_	kued		VERB	VerbForm=Fin	vé	?-ir-2SG			
_	chinoy		VERB	VerbForm=Fin	se cayó	?-caerse-3SG.HUM			
_	kuyadud		VERB	VerbForm=Fin	duerme	?-dormir-2SG			
_	jitubii		VERB	VerbForm=Fin	ocupo	?-ocupar-1SG			
_	níchi		VERB	VerbForm=Fin	vi	?-ver-1SG			
_	jitubiy		VERB	VerbForm=Fin	ocupan	?-ocupar-3SG.HUM			
_	chinus		VERB	VerbForm=Fin	mató	?-matar-3SG.MSC			
_	kuned		VERB	VerbForm=Fin	ayuda	?-ayudar-2SG			
_	aa		VERB	VerbForm=Fin	canta	?-cantar-?			
_	jitúbiy		VERB	VerbForm=Fin	ocupa	?-ocupar-3SG.HUM			
_	joʼód		VERB	VerbForm=Fin	dices	?-decir-2SG			
_	katad		VERB	VerbForm=Fin	cantar	?-cantar-2SG			
_	kata		VERB	VerbForm=Fin	canta	?-cantar-?			
_	kanbakud		VERB	VerbForm=Fin	casarse	?-casarse-2SG			
_	kanbaku		VERB	VerbForm=Fin	casarse	?-casarse-1SG			
_	kamad		VERB	VerbForm=Fin	leer	?-leer-2SG			
_	kakioʼöd		VERB	VerbForm=Fin	quemar	?-quemar-2SG			
_	kaneé		VERB	VerbForm=Fin	cargar	?-cargar-?			
_	naka		VERB	VerbForm=Fin	encontré	?-encontrar-1SG			
_	tanod		VERB	VerbForm=Fin	sácale	?-sacar-2SG			
_	kakad		VERB	VerbForm=Fin	corta	POT-cortar-2SG			
_	chinót		VERB	VerbForm=Fin	se cayó	?-caerse-3SG.AML			
_	guay		VERB	VerbForm=Fin	traer	?-traer-3SG.HUM			
_	jinay		VERB	VerbForm=Fin	lleva	?-llevar-?			
_	kunud		VERB	VerbForm=Fin	ponle	?-poner-2SG			
_	kúʼu	kúʼu	VERB	VerbForm=Fin	tomar	POT-tomar-1SG			
_	kánud		VERB	VerbForm=Fin	corre	?-correr-2SG			
_	kanú		VERB	VerbForm=Fin	cargar	?-cargar-?			
_	kadinu		VERB	VerbForm=Fin	me enteraré	?-enterarse-1SG			
_	kadínu		VERB	VerbForm=Fin	almorzar	?-almorzar-1SG			
_	jinkuë		VERB	VerbForm=Fin	revuelve	?-revolver-?			
_	kachí		VERB	VerbForm=Fin	vomitar	?-vomitar-?			
_	káchi		VERB	VerbForm=Fin	hierva	?-hervir-?			
_	jindiyaa		VERB	VerbForm=Fin	asusta	?-asusta-?			
_	china		VERB	VerbForm=Fin	perdí	?-perder-1SG			
_	chiná		VERB	VerbForm=Fin	perdio	?-perder-3SG			
_	chiñá		VERB	VerbForm=Fin	se ensució	?-ensuciarse-?			
_	jeakuy		VERB	VerbForm=Fin	llorar	?-llorar-3SG.HUM			
_	jeakuy		VERB	VerbForm=Fin	tapar	?-tapar-3SG.HUM			
_	jeanu		VERB	VerbForm=Fin	correr	?-correr-?			
_	jidijü		VERB	VerbForm=Fin	estoy escribiendo	?-escribir-1SG			
_	jeakuta		VERB	VerbForm=Fin	está llorando	?-llorar-3SG.FEM			
_	jába		VERB	VerbForm=Fin	ladra	?-ladrar-?			
_	yeabean		ADV		mucho, muy				
_	baʼa		NOUN		casa				
_	kó		DET		ese				
_	eanu		VERB		gusto	?-gustar-1SG			
_	tï		NOUN		cabeza				
_	nochi		ADV	AdvType=Rel	donde				
_	kat		SCONJ		porque				
x	to		ADJ		mucho				
x	too		ADJ		mucho				
_	tii		NOUN		cabeza				
_	tii		ADV		dónde				
_	ntiñu		NOUN		trabajo				
_	yana		NOUN		perro				
x	yaa		VERB		está				
x	yaá		VERB		está				
_	tuu		NOUN		piedra				
_	tikaa		NOUN		mi ropa				
_	tika		NOUN		ropa				
_	tiaka		NOUN		plátano				
_	ñoʼoo		NOUN		tierra, barro				
_	ñeé		NOUN		de él	base-POSS.3SG			
_	noʼo		NOUN		leña				
_	nata		NOUN		maíz				
_	it		NOUN		animal				
_	dami		NOUN		espalda, caparazón				
_	chinta		VERB	VerbForm=Fin	se mojó	?-mojarse-?			
_	chiinta		VERB	VerbForm=Fin	se mojaron	?-mojarse-?			
_	chinbaʼa		NOUN		puerta	boca#casa			
_	biʼi		NOUN		mi hermano				
_	toʼo		NOUN		mano				
_	nùni		NOUN		agua				
_	noy		VERB		vino	?-venir-?			
_	nakuu		NOUN		guarache				
_	mojoben	mojobe	ADV		hoy				
_	mojobe	mojobe	ADV		hoy				
x	kuee		ADJ		chueco				
_	kú		NOUN		campana				
_	kané		VERB		está	?-estar-?			
x	kaba		ADJ		feo				
_	ji		VERB		hace	?-hacer-?			
_	diibi		NOUN		estiércol				
_	dinuu		NOUN		mi hermano				
_	dinuun		NOUN		mi hermano				
_	keaben		NOUN		mi hermano				
_	chinuú		NOUN		mi hermano				
_	chiblaʼa		NOUN		armadillo				
_	cheate		VERB	VerbForm=Stat	grande				
_	beat		VERB		hay	?-existir-3SG.AML			
_	yúdii		NOUN		elote				
_	yádi		NOUN		higo				
x	tö		ADJ		mucho				
_	tíkun		NOUN		chapulín				
_	tíku		NOUN		chapulín				
_	tïi		NOUN		cabeza				
_	tiba		NOUN		empanada				
_	takabea		VERB		cómo está	cómo#estar			
_	soʼö		NOUN		hombre				
_	snuu		VERB		tiene	?-tener-?			
_	snúni		NOUN		padrino				
_	snuni		NOUN		padrino				
_	snú		VERB		tengo	?-tener-1SG			
_	snu		VERB		tiene				
_	sadii		NOUN		mi hermano				
_	pö		NOUN		pan				
_	nutdúü		NOUN		grilla				
_	nutdiku		NOUN		granadas				
x	num		ADJ		todo				
_	nukud		NOUN	NounType=Relat	contigo	con-POSS.SG2			
_	noos		NOUN		su cara	cara-POSS.3SG.MSC			
_	nojobe		NOUN		cielo				
_	nó		VERB		lavar				
x	nintubii		ADJ		descompuesto				
_	ndeyee		NOUN		durazno				
x	nda		ADV		muy				
_	naiyaá		NOUN		salsa				
_	naa		NOUN		oro				
_	mii		ADV		allá				
_	maa		NOUN		noche				
_	kuí		VERB		echar	?-echar-?			
_	kueta		NOUN		cohete				
_	kueta		VERB	VerbForm=Fin	fue	?-ir-3SG.FEM			
_	kubii		NOUN		lluvia				
_	kántu		NOUN		caldo				
_	kanee		VERB	VerbForm=Fin	se quedó	?-quedarse-?			
_	kaned		VERB	VerbForm=Fin	estás	?-estar-2SG			
_	kanat		VERB	VerbForm=Fin	lleva	?-llevar-3SG.AML			
_	job		NOUN		día				
x	jobey		NOUN		se llama				
_	jinguy		VERB	VerbForm=Fin	dejar	?-dejar-?			
_	jiney		VERB	VerbForm=Fin		?-hablar-3SG.HUM			
_	jinee		VERB	VerbForm=Fin	hablo	?-hablar-?			
_	jimaa		VERB		anochece				
_	jíkuu		NOUN		río				
_	jiku		NOUN		río, cerro				
_	iñan		NOUN		gente				
_	íi		VERB	VerbForm=Fin	echo	?-echar-1SG			
_	gë		VERB		hace				
_	díta		NOUN		pájaro carpintero				
_	dínud		VERB		apretas	?-apretar-2SG			
_	dikuoʼoo		NOUN		bebé				
_	dijinuy		NOUN		nieto				
_	din		PRON	PronType=Prs	tú	2SG			
_	dií		PRON	PronType=Prs	tú	2SG			
_	dayay		NOUN		su hijo(a)	hijo-POSS.3SG.HUM			
_	chúntii		NOUN		grillo				
_	chinuñ		VERB	VerbForm=Fin	mató	?-matar-?			
_	chineabea		VERB	VerbForm=Fin	me caí	?-caerse-1SG			
_	chikuincháakuu		NOUN		virgen				
_	chií	kúʼu	VERB	VerbForm=Fin	tomé	CPL-tomar-1SG			
_	chiduu		NOUN		sacerdote				
_	chiadi		NOUN		azúcar				
_	cheé		VERB		comer	?-comer-?			
_	chedee		NOUN		carga				
x	chéche		ADJ		duro				
x	chebäa		VERB		comer				
_	adeea		PRON	PronType=Int	qué				
_	zangáta		NOUN		lobo				
_	yúuni		NOUN		camino				
_	yùni		NOUN		camino				
_	yuni		NOUN		camino				
_	yukuu		NOUN		calabaza				
_	yúdu		NOUN		animal				
_	yudnooy		NOUN		barba				
x	yeabe		ADV		muy				
_	yaʼaa		NOUN		jícara				
_	yaʼá		VERB		duele	?-doler-?			
_	yàta		NOUN		hierba				
x	yanuʼu		ADJ		profundo				
_	yakun		NOUN		iglesia				
_	yadkuöo		NOUN		canario				
_	yáda		NOUN		pájaro				
_	yàbi		ADV		anoche				
x	yaaʼa		VERB		duele	?-doler-?			
_	yaás		VERB		ama	?-amar-3SG.MSC			
_	túʼu		NOUN		pollo				
_	tumaa		VERB		cortar	?-cortar-?			
_	tuma		VERB		cortar	?-cortar-?			
_	toʼos		NOUN		su esposa	esposa-POSS.3SG.MSC			
_	toʼoo		NOUN		mano				
_	töo		NOUN						
_	tíyu		NOUN		tenatillo				
_	tiudi		NOUN		ratón				
_	tínu		NOUN		ropa				
_	tíntu		NOUN		colibrí				
_	tími		NOUN		ombligo				
_	tiku		NOUN		ramo				
_	tikoo		NOUN		niña				
_	tiid		NOUN		tu cabeza	cabeza-POSS.2SG			
_	tïd		NOUN		tu cabello	cabello-POSS.2SG			
_	tibi		VERB	VerbForm=Fin	fumar	?-fumar-?			
_	tiäa		NOUN		chicozapote				
x	tatioo		ADV		mañana				
_	tamoʼo		VERB		abrazar	?-abrazar-?			
x	tama		ADJ		otra				
_	takoó		NOUN		esa mujer				
_	taka	taka	ADV		cómo				
_	tadin		NOUN		niña				
_	tadii		NOUN		niña				
_	tadï		NOUN		niña				
x	taa		ADJ		verde				
_	stebe		NOUN		corazón				
x	sópa		ADJ		grueso(a)				
_	snuú		VERB		tiene				
_	snii		NOUN		sombrero				
_	snï		NOUN		sobrino				
_	snet		VERB		están				
_	sné		VERB		están				
_	sankubi		NOUN		borracho				
_	sangáta		NOUN		lobo				
_	sakuiti		NOUN		escarabajo				
_	sakoó		NOUN		hombre				
_	runtíya		NOUN		rodilla				
x	renke		ADJ		flaco				
x	raʼa		ADJ		duro				
_	rantiya		NOUN		rodilla				
_	ranti		NOUN		ruído				
x	ranku		ADJ		alto				
x	rampa		ADJ		calvo				
_	raabu		NOUN		mostaza				
x	poʼo		ADJ		recien nacido				
_	ñu		NOUN		granizo				
_	ñóʼoo		NOUN		barro				
_	ñoʼön		NOUN		sol				
_	ñöo		NOUN		calor				
_	ñóo		NOUN		espina				
_	ñonútii		NOUN		arena				
_	ñóngukuu		NOUN		barro				
_	ñò		NOUN		espina				
_	ñëʼét		NOUN	NounType=Relat		base-POSS.3SG.AML			
_	ñëʼen		NOUN	NounType=Relat					
_	ñeeñ		NOUN	NounType=Relat		base-POSS.3SG.HUM			
_	ñëd		NOUN	NounType=Relat	de ti	base-POSS.2SG			
x	ñaʼa		ADJ		lejos				
_	ñañaa		NOUN		coyote				
_	ñaña		NOUN		león				
x	ñaat		ADJ		sucio				
_	nutyáku		NOUN		cebolla				
_	nutoʼo		NOUN		dedo				
_	nutñó		NOUN		zarzamora				
_	nutnoos		NOUN		su ojo	ojo-POSS.3SG.MSC			
_	nunkubi		NOUN		agua de lluvia				
_	nùnim		NOUN		agua				
_	nun		NOUN		arroyo				
_	núku		NOUN		conmigo	con-POSS.1SG			
_	nuko		ADP		con				
_	nubnuni		NOUN		lunar				
_	nubi		NOUN		grano				
_	nubdamauʼu		VERB		reuniremos				
_	ntú		NOUN		atole				
_	noʼos		VERB		ir	?-ir-3SG.MSC			
_	chíika		VERB	VerbForm=Fin	corté	CPL-cortar-1SG			
_	nooyos		NOUN		su edad				
x	noobe		NOUN		par				
_	nojoobee		NOUN		cielo				
x	nod		VERB		tienes				
x	nobe		NOUN		par				
_	Nóba	Nóba	PROPN		Oaxaca				
_	nnioó		ADV		en la lumbre	en#lumbre			
x	ninjaʼa		ADJ		lastimado(a)				
_	nínii		VERB		se reventó	?-reventar-?			
_	niibii		NOUN		papa				
_	niï		NOUN		chayote				
_	nichid		VERB	VerbForm=Fin	viste	?-ver-2SG			
x	nicha		ADJ		grande				
_	nguay		VERB	VerbForm=Fin	traer	?-traer-?			
_	neʼëñ		VERB	VerbForm=Fin	quiere				
_	neʼéd		VERB	VerbForm=Fin	necesitas				
_	neʼed		VERB	VerbForm=Fin	quieres	?-querer-2SG			
_	iñsee		PRON	PronType=Prs	ellos	3PL			
_	neés		VERB	VerbForm=Fin	quiere	?-querer-3SG.MSC			
_	nede		NOUN		barranca				
_	neatu		NOUN		tomate				
_	néabea		NOUN		gallina ciega				
_	nduu		NOUN		caña				
_	ndoyo		NOUN		año				
_	ndios		NOUN		dios				
_	ndimi		NOUN		hombro				
_	ndeyaa		NOUN		durazno				
_	ndeayaa		NOUN		durazno				
_	ndéa		NOUN		cacaya				
x	ndáy		ADJ		bueno				
x	ndaá		ADJ		bueno				
_	nanomnod		VERB		llegar primero				
x	nankuníbii		ADJ		grande				
_	naneache		VERB		borrar				
_	nana		VERB		voy a hacer	?-hacer-?			
_	najaá		NOUN		nuez				
_	naidii		NOUN		aguacate				
x	nabií		ADJ		pegado				
_	nabaku		NOUN		mi casa				
x	naas		ADJ		bueno				
_	muu		ADV		aquí				
_	moneatea		ADV		semana pasada				
_	mogeché		NOUN		axila				
_	mnòò				tiene rato				
_	míi	míi	ADV		ahí				
_	man		ADV		ahora				
_	lunch		NOUN		borrego				
_	Luis	Luis	PROPN		Luis				
x	lantiku		NOUN		costilla				
_	kúʼuu	kúʼu	VERB		tomar	POT-tomar-?			
_	kuʼö	kuʼö	ADV		antenoche				
_	kuyadu		VERB		dormir	?-dormir-?			
_	kuunód		VERB		tienes pena	?-tener.pena-2SG			
_	küu		NOUN		molde para hacer comal				
_	kútii		NOUN		sombra				
_	kunoo		VERB	VerbForm=Fin	caer	?-caer-?			
_	kuni		NOUN		guajolotito				
_	kuna		VERB	VerbForm=Fin	masticar	?-masticar-1SG			
_	kulantro		NOUN		cilantro				
_	kuïñu		NOUN		comadreja				
x	kuiku		VERB		tengo hambre				
_	kuid		VERB		echa	?-echar-?			
_	kui		VERB		servir	?-servir-?			
_	kueʼe		VERB		va	?-ir-?			
_	kueatoʼoy		VERB		echar pico	?-echar.pico-?			
_	kuchii		NOUN		puerco				
_	kuchba		NOUN		patio				
_	kubnoʼo		NOUN		aguacero				
_	kúbi		NOUN		lluvia				
_	kuay		VERB		piscar	?-piscar-3SG.HUM			
_	ku		DET		este				
_	koʼó		VERB		picó	?-picar-?			
_	koó		DET		ese				
_	koón		DET		ese				
_	ko		DET		ese				
x	kiuñú		ADJ		picudo				
_	keabeay		NOUN		su hermano	hermano-3SG.HUM			
_	kayadu		VERB	VerbForm=Fin	dormir	?-dormir-?			
_	kataʼa		VERB	VerbForm=Fin	traes	?-traer-?			
_	kastila		NOUN		sávila				
_	kanuy		VERB		está	?-estar-3SG.HUM			
_	kanuu		VERB		está				
x	käntay		ADJ		delicados				
x	kánta		ADJ		peligrosas				
x	kani		ADJ		rápido				
_	kangùy		VERB		va a dejar				
_	kanguu		VERB		moler				
_	kanguad		VERB		traer	POT-traer-2SG			
_	kanet		VERB		está	?-estar-3SG.AML			
_	kaneñ		VERB		está	?-estar-3SG.HUM			
_	kánat		VERB	VerbForm=Fin	llevó	?-llevar-3SG.AML			
_	kakay		VERB		echar tortilla				
_	kachi		NOUN		avispa				
x	kabachi		SCONJ		porque				
_	kunu		VERB		voy a poner	?-poner-1SG			
_	jitií		VERB		se seca	?-secarse-?			
_	juú		NUM	NumType=Card	cinco				
_	juu		NUM	NumType=Card	cinco				
_	joʼo		VERB		pica	?-picar-?			
_	jóbey		NOUN		su nombre	nombre-POSS.3SG.HUM			
_	jiʼi		VERB		tomar	?-tomar-?			
_	jíyuu		NOUN		carrizo				
_	jitnoy		VERB	VerbForm=Fin	hace	?-hacer-3SG.HUM			
_	jitbon		VERB		atrapar	?-atrapar-?			
_	jinkue		VERB		levanta	?-levantar-?			
_	Jinguyu	Jinguyu	PROPN		México				
_	jinguay		VERB	VerbForm=Fin	va a traer	?-traer-?			
_	jinguata		VERB		traer	?-traer-3SG.FEM			
_	jineʼe		NOUN		encino				
_	jineñ		VERB	VerbForm=Fin	pone	?-poner-?			
_	jinéacheta		VERB	VerbForm=Fin	barre	?-barrer-?			
_	jinbinti		VERB		retoñan	?-retoñar-?			
_	jínay		VERB		se baña	?-bañarse-?			
_	jináy		VERB	VerbForm=Fin	preparan	?-preparar-?			
_	jinatnoy		VERB	VerbForm=Fin	está sacando	?-sacar-3SG.HUM			
_	jinanus		VERB	VerbForm=Fin	está lavando	?-lavar-3SG.MSC			
_	jinanuchi		VERB	VerbForm=Fin	me despierto	?-despertarse-?			
_	jikuu		NOUN		río				
_	jikney		VERB	VerbForm=Fin	cargan	?-cargar-?			
_	jikadi		VERB	VerbForm=Fin	puede	?-poder-?			
_	jijéa		VERB	VerbForm=Fin	se tira	?-tirarse-?			
_	jigea		VERB	VerbForm=Fin	cae	?-caer-?			
_	jidkueakus		VERB		tocar				
_	jidis		VERB	VerbForm=Fin	hace	?-hacer-3SG.MSC			
_	jidiñ		VERB	VerbForm=Fin	está haciendo	?-hacer-?			
_	jidií		VERB	VerbForm=Fin	hacer	?-hacer-?			
_	jidí		VERB	VerbForm=Fin	hacer	?-hacer-1SG			
_	jidi		VERB	VerbForm=Fin	hace	?-hacer-?			
_	jideabe		VERB		amanece	?-amanecer-?			
_	jichoó		VERB	VerbForm=Fin	paso	?-pasar-?			
_	jichisnee		VERB	VerbForm=Fin	amarro	?-amarrar-?			
_	jichiba		VERB	VerbForm=Fin	sirve	?-servir-?			
_	jingaku		VERB	VerbForm=Fin	recuerdo	?-recordar-?			
_	chinó		VERB	VerbForm=Fin	entró	?-entrar-?			
_	chinoo		VERB	VerbForm=Fin	entró	?-entrar-?			
_	jeʼey		VERB	VerbForm=Fin	comen	?-comer-?			
_	jeʼët		VERB	VerbForm=Fin	ir	?-ir-3SG			
_	jëʼe		VERB	VerbForm=Fin	voy	?-ir-?			
_	jabnututa		VERB	VerbForm=Fin	da vueltas	?-dar.vueltas-3SG.FEM			
_	jabee		NOUN		oreja, oido				
_	jabat		VERB	VerbForm=Fin	ladra	?-ladrar-?			
x	jáa		ADJ		nuevo				
x	já		ADJ		nuevo				
x	jaa		ADJ		nuevo				
_	kamboo		NOUN		compadre				
_	itñeʼë		NOUN		mis animales	animal#base-POSS.1SG			
_	iñʼtoʼö		NOUN		guajolota				
_	iñuu		NOUN		guajolote				
_	ínu		VERB	VerbForm=Fin	mato	?-matar-1SG			
_	intii				hay				
_	inti				hay				
_	ìkut		VERB		pone	?-poner-?			
_	ikay		VERB		hace	?-hacer-?			
_	eñ		VERB		estudiar	?-estudiar-?			
_	eatoʼóy		VERB		echa pico				
_	eanut		VERB	VerbForm=Fin	gusta	?-gustar-3SG			
_	eanus		VERB	VerbForm=Fin	gusta	?-gustar-3SG.MSC			
_	eanud		VERB	VerbForm=Fin	gustas	?-gustar-2SG			
_	duʼu		PRON	PronType=Int	quién				
_	duuʼu		PRON	PronType=Int	quién				
_	duú		NOUN		uña				
_	dut		NOUN		huevo				
_	dúkuu		VERB	VerbForm=Fin	robé	?-robar-?			
_	duku		NOUN		ladrón				
_	dúdut		NOUN		sus plumas				
_	duchii		NOUN		bromas				
x	dáaya		ADJ		tartamuda				
_	dnete		NOUN		ejote				
_	díyu		NOUN		liana				
_	dituuy		VERB	VerbForm=Stat	fuerte				
_	dítuu		NOUN		orilla				
_	dítu		NOUN		orilla				
_	dinu		NOUN		mi hermano				
_	dinaá		VERB		hice	?-hacer-?			
_	dimoʼö		ADV		sólo				
x	dimoo		ADJ		sólo, puro				
_	dikuoʼo		NOUN		bebé				
_	dikunú		NOUN		nuera				
_	dikaya		NOUN		niños				
_	dikadi		VERB		peso				
_	diis		VERB	VerbForm=Fin	cometió	?-hacer-3SG.MSC			
_	diiñu		NOUN		diente				
_	diinuu		NOUN		gorro				
_	diijuku		NOUN		tecolote				
_	did		VERB		haces	?-hacer-2SG			
_	dibyudi		NOUN		mala mujer				
_	dibíkuy		VERB		bendecir	?-bendecir-?			
_	dibaku		NOUN		cuicateco				
_	dii		VERB		hago	?-hacer-?			
_	dï		VERB		hago	?-hacer-?			
_	dechea		NOUN		mugre				
_	deanud		VERB	VerbForm=Fin	sabes	?-saber-SG2			
_	deaku		NOUN		basura				
_	dayas		NOUN		su hijo(a)	hijo-POSS.3SG.MSC			
_	dayad		NOUN		tu hijo(a)	hijo-POSS.SG2			
_	dayaa		NOUN		su hijo(a)				
_	daanu		NOUN		sombra				
_	chuu		PRON		ésto				
_	chiʼiy		VERB		murió	?-morir-3SG.HUM			
_	chivatu		NOUN		chivo				
_	chivato		NOUN		chivo				
_	cheanun		NOUN		mi cuñada				
_	chitod		VERB	VerbForm=Fin	agarraste	?-agarrar-2SG			
_	chínu		VERB	VerbForm=Fin	maté	?-matar-1SG			
_	chinuy		VERB	VerbForm=Fin	mató	?-matar-3SG.HUM			
_	chìnus		VERB	VerbForm=Fin	mató	?-matar-3SG.MSC			
_	chinu		VERB	VerbForm=Fin	maté	?-matar-1SG			
_	chinod		VERB	VerbForm=Fin	tiraste	?-tirar-2SG			
_	chiniiyat		VERB	VerbForm=Fin	asustó	?-asustar-?			
_	chíni		NOUN		frijolar				
_	chivatun		NOUN		chivo				
_	chiní		NOUN		hígado				
_	chineñ		VERB		culparon				
_	chineabed		VERB		te caíste	?-caerse-2SG			
_	chineabay		VERB	VerbForm=Fin	se cayó	?-caerse-?			
_	chikudayay		NOUN		su comadre	comadre-POSS.3SG.HUM			
_	chikuday		NOUN		comadre				
_	chikadi		VERB	VerbForm=Fin	pude	?-poder-1SG			
_	chíita		VERB	VerbForm=Fin	creció	?-crecer-?			
_	chiíbat		NOUN		telaraña				
_	chiibat		NOUN		telaraña				
_	chiiba		NOUN		precio				
_	chiba		NOUN		precio				
_	chenet		VERB	VerbForm=Fin	morder	?-morder-?			
_	cheéd		VERB	VerbForm=Fin	comes	?-comer-2SG			
_	cheebinuy		VERB	VerbForm=Fin	va a cenar	?-cenar-3SG.HUM			
x	chebá		NOUN		comida,comer				
_	cheatu		VERB	VerbForm=Fin	quebré	?-quebrar-1SG			
x	cheatuy		ADJ		sordo				
_	chéatea		VERB	VerbForm=Stat	grande				
_	cháku		NOUN		mi mamá				
_	boʼos		NOUN		su miedo	miedo-POSS.3SG.MSC			
_	bakñoo		NOUN		municipio				
_	bokioo		NOUN		municipio				
_	biʼin		NOUN		mi hermana				
_	binkuinuu				de luto				
_	bílu		NOUN		gato				
_	bíʼi		NOUN		mi hermano				
_	biʼi		NOUN		fruta				
_	bií		NOUN		fruta				
_	bii		NOUN		fruta				
_	bichi		NOUN		gato				
x	bichas		ADJ		está gordo				
_	beta		NOUN		su oreja				
_	bèèye		NOUN		nixtamal				
_	beeye		NOUN		nixtamal				
_	bèèya		NOUN		nixtamal				
_	beede		NOUN		español				
_	bèè		NOUN		orilla				
x	bée		ADJ		malo(a)				
x	bedyeno		ADJ		estar de fiesta				
x	bedeanu		NOUN		conocimiento				
_	chichëen		NOUN		mi abuelito				
_	chichë		NOUN		mi abuelito				
_	chichen		NOUN		mi abuelito				
_	ñoʼö		NOUN		pueblo				
_	ñoʼon		NOUN		pueblo				
_	ñoo		NOUN		pueblo				
_	ñó		NOUN		pueblo				
_	bayaka		NOUN		coscomate				
_	bañeʼë		NOUN		mi casa	casa#base-POSS.1SG			
_	bakun		NOUN		mi casa				
x	ay		VERB		llama	?-llamar-?			
_	áta		VERB		llora	?-llorar-?			
_	át		VERB		grita	?-gritar-?			
_	at		VERB		grita	?-gritar-?			
_	dikayan		NOUN		niños				
_	ñuu		NOUN		mazorca				
_	tin		DET		ese				
_	ti		DET		ese				
_	kon		DET		ese				
_	ey		INTJ		sí				
_	mun		ADV		aquí				
x	kuninun		ADV		allá arriba				
_	dimá		ADV		pasado mañana				
_	dimaan		ADV		pasado mañana				
_	ñò		NOUN		espina				
_	ndatan		NOUN		mujeres				
_	ñú		NOUN		mazorca				
_	sadï		NOUN		mi niño				
_	saíkuu		NOUN		buitre				
x	nì		ADJ		muerto				
_	sangoʼoo		NOUN		arriera				
_	nuekueʼen		PRON		todos				
x	tös		ADJ		enojado				
x	toó		ADV		allí				
_	amañ		PRON		alguien				
_	chenu		NOUN		cuñada				
_	chenun		NOUN		cuñada				
_	tutoʼö		NOUN		gallina				
_	tusoʼö		NOUN		gallo				
_	tú		NOUN		pulgada				
_	noʼo		NOUN		leña				
_	si		PRON		eso				
_	kuí		VERB		echar	?-echar-?			
_	chii		VERB		se murió	?-morirse-?			
_	ika		VERB		hago	?-hacer-1SG			
_	yaʼa		VERB		duele	?-doler-?			
_	üñ		VERB		raja	?-rajar-?			
x	anicha		ADJ		macizo				
_	choʼo		VERB		pasé	?-pasar-1SG			
_	kachika		VERB		anda	?-andar-?			
_	nantibid		VERB		haz	?-hacer-?			
_	neñu		VERB		voy a coser	?-coser-?			
_	dinán		VERB		preparan	?-preparar-?			
_	chinʼö		VERB	VerbForm=Fin	soñé	?-soñar-1SG			
_	eatú		VERB	VerbForm=Fin	golpeé	?-golpear-?			
_	eatu		VERB	VerbForm=Fin	estoy levantando	?-levantar-?			
_	chitöo		VERB	VerbForm=Fin	se reventó	?-reventarse-?			
_	chitee		VERB	VerbForm=Fin	se rompió	?-romperse-?			
_	nudii		VERB	VerbForm=Fin	se cerró	?-cerrar-?			
_	nanad		VERB	VerbForm=Fin	haz	?-hacer-2SG			
_	nankued		VERB	VerbForm=Fin	levanta	?-levantar-2SG			
_	amtea				no hay				
_	alberga		NOUN		chícharo				
_	burru		NOUN		burro				
_	kutoʼuu		VERB	VerbForm=Fin	atrapar	?-atrapar-?			
_	kuchid		VERB	VerbForm=Fin	ven	?-venir-2SG			
_	Jiguyum		PROPN		México				
_	Juó		PROPN		Juan				
_	comida		NOUN		comida				
_	tiʼö		NOUN		árbol				
_	per		CCONJ		pero				
_	lápiz		NOUN		lápiz				
_	noʼod		VERB		vayas	?-ir-2SG			
_	iñsë		NOUN		esa gente				
_	jinangaku		VERB		extraño	?-extrañar-?			
_	jinankués		VERB		levantarse	?-levantar-?			
_	jobku		ADV		hoy				
_	yudú		NOUN		metate				
_	íyaan		NOUN		chile				
_	tioʼö		NOUN		árbol				
_	sï		NOUN		sombrero				
_	sen		DET		estos				
_	color		NOUN		color				
_	mi		DET		esa				
_	o		CCONJ		o				
x	kuät		ADJ		negro				
x	kueat		ADJ		blanco				
_	kutu		NOUN		olla				
_	min		DET		esta				
x	nìnuu		ADJ		cerca				
_	Fom		PROPN		Juan				
x	kanes		VERB		está	?-estar-?			
_	chidad		NOUN		tu papá	papá-POSS.2SG			
_	kuetíchi		NOUN		canasta				
_	kun		PRON		esto				
_	deanu		VERB	VerbForm=Fin	sé	?-saber-SG1			
_	dae		PRON		que				
_	did		VERB		hacer	?-hacer-?			
_	kutum		NOUN		olla				
_	kùchi		VERB		sembrar	?-sembrar-?			
_	ñeʼes	ñeʼe	NOUN	NounType=Relat	de él	base-POSS.3SG.MSC			
_	ndod		VERB		llegaste	?-llegar-2SG			
_	machetem		NOUN		machete				
_	ndo		VERB		había llegado	?-llegar-?			
_	tumin		SCONJ		para que				
_	Manuel		PROPN		Juan				
_	machete		NOUN		machete				
_	bakud		NOUN		tu casa	casa-POSS.2SG			
_	Juóm		PROPN		Juan				
_	silïm		NOUN		niño				
_	noʼö		NOUN		maestro				
_	niku		ADJ		viejo				
_	kutokoʼo		VERB		empezar	?-empezar-?			
_	kunus		VERB		sembrar	?-sembrar-?			
_	kune		VERB		quedarse	?-quedarse-?			
_	koʼös		VERB		va	?-ir-?			
_	kayadus		VERB		estaba durmiendo	?-dormir-?			
_	jiyadus		VERB		duerme	?-dormir-?			
_	jinuku		VERB		vende	?-vender-?			
_	iñsé		PRON		ellos				
_	Fo		PROPN		Juan				
_	chimjinu		VERB		me olvidé	?-olvidarse-1SG			
_	chichí		VERB		sembrar	?-sembrar-?			
_	chitokoʼo		VERB		empecé	?-empezar-1SG			
x	yunu		ADJ		joven				
_	takó		PRON		ella				
_	tabea		PRON		cuánto				
_	silï		NOUN		niño				
_	ño		ADP		en				
_	ñeʼey	ñeʼe	NOUN	NounType=Relat	de ellos	base-POSS.3PL			
_	nèè		NOUN		vez				
_	ndata		NOUN		mujer				
_	Marian		PROPN		María				
_	nangakud		VERB		acuérdate	?-acordarse-2SG			
_	nád		VERB		tienes	?-tener-2SG			
_	ná		VERB		tiene	?-tener-?			
_	insë		PRON		ustedes				
x	duytï		NOUN		pelo				
_	dín		PRON		tú				
_	màà		NOUN		noche				
_	kakued		VERB		enséñame	?-enseñar-?			
_	mniñu		ADV		ahora				
_	kuin		VERB		acabar	?-acabar-?			
_	kuchis		VERB		vino	?-venir-?			
_	kuá		VERB		compraré	?-comprar-?			
_	kanu		VERB		está				
_	kabiö		ADV		mañana				
_	jobed		NOUN		tu nombre				
_	chimjinud		VERB		olvidaste	?-olvidar-?			
x	cho		DET		esa				
_	chimbaʼa		NOUN		puerta				
_	chikueta		VERB		enseñó	?-enseñar-?			
_	chikadinud		VERB		supiste	?-saber-2SG			
_	chid		VERB		echaste	?-echar-2SG			
_	bakus		NOUN		su casa				
_	Pedro		PROPN		Pedro				
_	tonto		ADJ		tonto				
_	Eduviges		PROPN		Eduviges				
_	temprano		ADV		temprano				
_	yuudum		NOUN		caballo				
x	yudtï		NOUN		pelo				
_	yanam		NOUN		perro				
_	yakuy		ADJ		altos				
_	yakuta		ADJ		alta				
_	yakut		VERB		volar	?-volar-?			
_	yakus		ADJ		alto				
_	yákum		NOUN		iglesia				
_	yakud		ADJ		alto				
_	yàka		VERB		tengo sed				
_	tumgoʼos		VERB		me preguntó	?-preguntarse-?			
_	tumad		VERB		cortar	?-cortar-?			
_	tubnéd		VERB		prestaste	?-prestar-2SG			
_	toʼod		NOUN		tu mano				
_	tò		ADV		ahí				
_	komida		NOUN		comida				
_	sopa		NOUN		sopa				
_	tako		PRON		ella				
_	soʼös		NOUN		hombre				
_	soʼön		PRON		él				
_	sakón		PRON		él				
_	obes		NUM		en dos				
_	inus		NUM		en tres				
_	amas		NUM		en uno				
_	ob		NUM		dos				
_	nujinu		VERB		tengo prisa				
_	noʼös		NOUN		maestro				
_	nèta		VERB		ordenó	?-ordenar-?			
_	diyadus		VERB		duerme	?-dormir-?			
_	insën		PRON		ustedes				
_	insén		PRON		ustedes				
_	insé		PRON		ustedes				
_	insú		PRON		nosotros				
_	noʼöm		NOUN		maestro				
_	nòò		NUM		nueve				
_	neachea		NUM		siete				
_	kùù		NUM		cuatro				
_	joo		NUM		seis				
_	nini		NUM		ocho				
_	nichama		NUM		once				
_	niku		NUM		veinte				
_	am		NUM		uno				
_	kanós		VERB		salieron	?-salir-?			
_	in		NUM		tres				
_	kutoʼon		VERB		agarren	?-agarrar-?			
_	kunoʼos		VERB		se fue				
_	tum		SCONJ		para que				
_	ndó		VERB		vino	?-venir-?			
_	chikadinu		VERB		supe	?-saber-?			
_	chimbaʼam		NOUN		puerta				
_	nangadí		VERB		cerrar	?-cerrar-?			
_	jobeku		ADV		hoy				
_	dànti		VERB		tengo flojera				
_	kuenó		VERB		tengo pena				
_	kuenód		VERB		tienes pena				
_	kutea				no hay				
x	eatea		ADJ		grandes				
x	daë		PRON		qué				
_	Jidiba		PROPN		Mixteca				
_	ndatata		NOUN		mujer				
_	juana	Juana	PROPN		Juana				
_	beayee		NOUN		nixtamal				
_	jinukuy		VERB		venden	?-vender-?			
_	kadayuʼuu		VERB		estamos durmiendo	?-dormir-?			
_	jiyaduy		VERB		duerme	?-dormir-?			
_	jiyadu		VERB		duermo	?-dormir-?			
_	nauné		ADV		de nuevo				
_	chakuta		NOUN		su mamá				
_	jù		INTJ		sí				
_	jikata		VERB		pide	?-pedir-3SG.FEM			
_	nokuó		ADV		a veces				
_	bakuʼuu		NOUN		nuestra casa				
_	baʼam		NOUN		casa				
_	beajukus				el que está sentado				
_	beaka				sí hay				
_	biʼid		NOUN		tu hermano				
x	bö		ADP		en				
_	cheá		VERB		se pintó	?-pintarse-?			
_	chéam		NOUN		comal				
_	chèd		VERB		aprendiste	?-aprender-2SG			
_	beade		NOUN		español				
_	chidata		NOUN		su papá				
_	chikueñ		VERB		enseñó	?-enseñar-?			
_	chu		PRON		este				
_	chineta		PRON		ella				
_	damid		VERB		acusó	?-acusar-?			
_	dayan		NOUN		mis hijos				
_	denud		VERB		sabes	?-saber-2SG			
_	dì		VERB		hacer	?-hacer-?			
_	di		VERB		hacer	?-hacer-?			
_	dime		ADV		sólo				
_	dimod		ADV		sólo				
_	dimo		ADV		sólo				
_	jines		VERB		habla	?-hablar-?			
_	dimos		ADV		sólo				
_	chaketa		NOUN		su mamá				
_	kúës		ADJ		flaco				
_	kúën		ADJ		flacos				
_	iyún		ADJ		chaparro				
_	iyúʼuu		ADJ		chaparros				
_	iyús		ADJ		chaparro				
_	iyúd		ADJ		chaparro	chaparro-COP.2SG			
_	na		ADV		ya				
_	intin		PRON		usted				
_	intï		PRON		usted				
_	jeʼed		VERB		estás comiendo				
_	jeʼë		VERB		comer				
_	diuu		VERB						
_	kanut		VERB		está				
_	kantu		NOUN		comida				
_	tan		ADV		sólo				
_	ndininus		VERB		acostumbró	?-acostumbrar-3SG.MSC			
_	ndininu		VERB		acostumbro	?-acostumbrar-?			
_	nikua				no				
_	nigua				no				
_	diuu		VERB		hacer	?-hacer-?			
_	kueʼes		VERB		se fue				
_	mí		ADV		allá				
_	nès		VERB		ordenó	?-ordenar-?			
_	neʼeta		VERB		quiere	?-querer-?			
_	techkód		VERB		lleves	?-llevar-2SG			
_	techkó		VERB		lleva	?-llevar-?			
_	ta		NOUN	NounType=Clf					
_	ninubita		VERB		se parece	?-parecerse-?			
_	ninubis		VERB		se parece	?-parecerse-?			
_	nandinda		VERB		arregla	?-arreglar-?			
_	nano		ADP		en frente de				
_	ichad		VERB		tienes frío				
_	chitoʼo		VERB		tener gripa				
_	ka		ADV		aún				
_	ni		ADV		hasta				
_	yakuʼuu		ADJ		altos				
_	kanad		VERB		traerías	?-traer-2SG			
_	chíd		VERB						
x	yaduu		ADJ		picante				
_	yadan		NOUN		su hijo				
_	toʼö		PRON		él				
_	nichin		VERB		vimos	?-ver-1PL			
_	nochid		VERB		viste	?-ver-2SG			
_	kúeas		NOUN		brujo				
_	kudadus		VERB		va a dormir	?-dormir-?			
_	kuch		ADP		fuera				
_	kenés		VERB		estaba				
_	kód		VERB		súbete	?-subirse-2SG			
_	jite		VERB		digo	?-decir-1SG			
_	kadinud		VERB		sepas	?-saber-2SG			
_	jitenud		VERB		crees	?-creer-2SG			
_	jitenu		VERB		creo	?-creer-1SG			
_	jinu		VERB		atrasé	?-atrasarse-1SG			
_	jined		VERB		sabes	?-saber-2SG			
_	jiné		VERB		sé	?-saber-1SG			
_	jidijù		VERB		escribir	?-escribir-?			
_	jidid		VERB		hacer	?-hacer-2SG			
_	jichis		VERB		viene	?-venir-3SG.MSC			
_	jeku		NOUN		pohual				
_	jea		VERB		me subo	?-subirse-1SG			
_	íñ		NOUN		familia				
_	geá		VERB		subirme	?-subirse-1SG			
_	dukud		VERB		robar	?-robar-?			
_	diuu		VERB						
x	díni		ADJ		salado				
_	kub		VERB		va a ser				
_	camión		NOUN		camión				
_	botella		NOUN		botella				
_	jinichí		VERB		conozco	?-conocer-1SG			
_	chë		NOUN		señor				
x	iyú		ADJ		chaparro				
_	ta		NOUN		señora				
x	ñá		ADJ		sucio				
x	ten		ADJ		menos				
x	nioo		ADV		en el suelo				
x	jú		INTJ		sí				
x	tatlin		ADV		casi				
_	silí		NOUN		niño				
_	kayaku		VERB		durmió	?-dormir-?			
x	rúʼuu		ADJ		gordos				
_	ñuʼuu		NOUN	NounType=Relat	de nosotros				
_	ñeʼen		NOUN	NounType=Relat	de nosotros				
_	böʼos		NOUN		miedo				
_	jikás		VERB		caminar	?-caminar-?			
x	kanii		ADJ		rápido				
_	kunenoñ		VERB		cuidar	?-cuidar-?			
x	kuedama		ADV		siempre				
_	neachead		VERB		barrer				
_	íkad		VERB		cortas	?-cortar-2SG			
_	kerillo		NOUN		cerillo				
_	kaja		NOUN		caja				
_	jinabad		VERB		guardas	?-guardar-2SG			
_	kakiö		NOUN		basura				
_	jideaku		VERB		quemar	?-quemar-?			
_	née		NOUN		vez				
_	niʼö		NOUN		en la olla				
_	núnim		NOUN		frijol				
x	ñeʼeta		NOUN	NounType=Relat	de ella				
_	diuu		VERB						
x	rúʼu		ADJ		gordo				
x	rúʼus		ADJ		gordo				
x	rúʼun		ADJ		gordo				
x	bíchas		ADJ		gordo				
x	bíchan		ADJ		gordo				
x	bíchad		ADJ		gordo				
x	bícha		ADJ		gordo				
x	kúëd		ADJ		flaco				
_	iñsén		PRON		ellos				
_	chíy		VERB		cortaron	?-cortar-?			
x	nduk		NOUN						
x	daʼa		NOUN						
_	kuʼuu		VERB		tenemos que				
_	joʼó		VERB		pican	?-picar-?			
_	kuʼú		VERB		tomar	?-tomar-?			
x	bíchaʼuu		ADJ		gordos				
x	dùbii		VERB		tener poco				
_	choʼod		VERB		cruzar	?-cruzar-2SG			
x	chinjíku		ADV		en el río				
x	chin		ADP		en				
x	kunú		INTJ		sí				
x	mi		ADV		ahí				
_	nukut		NOUN	NounType=Relat	con él				
_	chis		VERB		vendrá	?-venir-3SG.MSC			
_	chíd		VERB		vendrás	?-venir-2SG			
_	takue		SCONJ		porque				
x	ne		VERB		se necesita				
_	ndos		VERB		llegó	?-llegar-3SG.MSC			
x	ndenó		NOUN		muchas cosas				
x	lïn		NOUN		poco				
x	kuè		ADJ		flaco				
_	koʼos		VERB		dijo	?-decir-3SG.MSC			
_	kanid		VERB		apúrate	?-apurarse-2SG			
_	jinichiʼuu		VERB		conocemos	?-conocer-?			
_	jindeʼe		VERB		habla	?-hablar-?			
_	jiduchiy		VERB		juegan	?-jugar-3PL			
_	jè		VERB		huele	?-oler-?			
_	injobes		VERB		se ve	?-verse-3SG.MSC			
x	guadbea		PRON		nada				
x	guad		X		no estás				
x	dea		PRON		que				
x	daʼa		PRON		que				
x	nduk		PRON		quién				
									
									
									
									
									
									
									
									
									
									
									
									
									
									
									
									
									
									
									
									
									
									
									
									
									
									
									
									
									
									
									
									
									
									
									
									
									
									
									
									
									
									
									
									
									
									
									
									
									
									
									
									
									
									
									
									
									
									
									
									
									
									
									
									
