PALABRA EN CUICATECO	PALABRA EN ESAPÑOL	ORACION EN CUICATECO	ORACION EN ESPAÑOL																			
Ku-í'yaa	Escobilla	Chakun jitúbiy ku-í'yaa. # Iña jibaku jinikuy kuíyaa	Mi mamá usa la escobilla. # La gente de Cuicatlán vende escobillas.																			
Kukäa	Molcajete	Kákud naíyaá no kukäa.	Has salsa en el molcajete.	Gua tuu ñe'ë kukáa	no tiene pidra el molcajete	Jobe kun ya'a daanti	_	Jobe kun ya'a danti	En este dia tengi mucha flojera		_	U kanoo ñe'ë no baku	Yo sali de mi casa									
Kukubii	Buho	Tochi a ji màà, á kukubii	Cuando anochece canta el buho	yeabean eatea nutnoo kukubii	tiene muy grandes los ojos el buho	Tii bi'i noota nichita uu noo baku	_	Tii bi'i noota nichita uu noo baku	Mi hermana me vino a visitar a mi casa		_	iña kón yeabean bea yúkuu ñe'eñ	esa persona tiene muchas calabazas									
Kulanto	Cilantro	Min yeabean bea kulanto	Ahí hay mucho cilantro.	naa jëe kulanto	huele rico el cilantro	Iña Jidiba jinikuy yuku	_	Iña jidiban jinikuy yuku	Los mixtecos venden tenates		_	uu ne'ë che'e nutiukuu	yo quiero comer semillas									
Kunëd	Ayudar	Kunëd ú kunuu nata.	Ayudame a sembrar maíz.	kuned uu y kunee dii	ayudame y te ayudo	Ya'a icha chi jeanu yuuna	_	Ya'a icha chi jeanu yuuna	Hace mucho frio porque hay viento		_	takón rankutan ni yeabeatea	ella esta alta y bonita									
Kúnete	Cienpies	Sadï bi´i chinus ama kúnete	Mi hermano mató un cienpies.	ú gua eanu kunette	a mi no me gusta el cien pies	Uu gua eanu jine'e	_	Uu gua eanu jine'e	A mi no me gusta bailar		_	sadii bi'ib jitas	Mi hermano está cantando									
Kúnu	Blando	Yeabean kúnu damí ama lunchi	Esta bien blando la espalda de un borrego.	kunuu yuntu ñë'e chaku	estan bandas las tortillas de mi mama	Ya'a yeabea snï ñe'e iña kó	_	Ya'a yeabea snï ñe'ë iña kó	Esta muy bonito el sombrero de ese señor		_	tano'on kue'eta Nooba	la maestra se fue a Oaxaca									
Kunuu	Resbaloso	Tochi gë kubi ji kunuu yúni	Cuando llueve el camino se pone resbaloso	naaman kunuu	el jabon esta resbaloso	Njobe yeabean bea ïñu binu kú	_	Njobe yeabean bea ïñu binu kú	En el cielo hay muchas estrellas esta noche		_	Jeanu ño'ö Jiyudu Daama	hay un incendio en EEUU									
Kuo'o	Rojo	Kuo'o kiana ñe'ëd	Es roja tu camisa.	ñuun kuo´o	la mazorca es roja	Yana ñe'ën yeabean jitobiít	_	Yana ñe'ën yeabean jitobiít	Mi perro se pelea mucho		_	Uu eanu je'ë kuete	A mi me gusta ir al campo									
Kuöo	Amarillo	Kuöo kiana ñe'ëd	Es amarilla tu camisa.	nanta kón kuöo	esa flor es amarilla	Noyo kun yeabean bea nïi	_	Noyo kun yeabean bea nïi	Este año hay mucho chayote		_	Uu cheanoo chida kuete	Yo perdi a de vista a mi papá en el campo									
Kusanto	Copal	Jitubiy kusanto tochi í' tno'ö	usan copal cuando hay un muerto.	eanu chi jëe kusanto	me gusta el olor del copal	Uu che'ë chi chíy yud tïi	_	Uu che'ë chi chíy yud tïi	Yo fui a que me pintaran el cabello		_	kaa ama pö chi kádinu	me compre un pan para desayunar									
Kú	Víbora	Ú níchi ama kú	Yo ví una vibora	chinjiku bea kuu eatea	en el rio hay viboras grandes	Chidan yeabeanu eanuu yudtiñ	_	Chidan yeabeanu eanuu yudtiñ	Mi papá tiene muy largo el cabello		_	káa dami baku tochi chee kúbi	se derrumbo atrás de mi casa cuando llovió									
Kù	Fierro	Yeabean icha kú ñe'e chinba'a ñe'ë	Esta muy frío el fierro de mi puerta.	yámi kuea kúu	de gris es el fierro	ya'a túu yúntu ñë'e	_	ya'a túu yúntu ñe'ë	Estan muy gruesas mis tortillas		_	chakun jidinay ntu yoo	mi mama prepara atole amargo									
Kü	Molde para elaborar coma	Ted ama kü ñe'ë	Dame mi molde para hacer comal	küu ñë'e chita	molde para ollas	Dayan a deanu joduchis	_	Dayan a deanu joduchis	Mi hijo ya sabe contar		_	uu eanu je'e mii yoo	a mi me gusta el camote amargo									
Kú chéche	Cascabel	Naka ama kú chéche	Encontre una casacabel.	ya'a bo'o kú chéche	le tengo miedo a la cacabel	Dayan a deanu jidijúta	_	Dayan a deanu jidijúta	Mihija ya sabe escribir		_	intie'én chinuñ ama itintu	la autoridad mato a una res									
Kú kuäa	Especie de anaconda	Ú níchi ama kú kuäa	Yo ví una especie de anaconda	boo nuni baku kuu kuäa	en el agua vive una especie de anaconda	Uu ya'a ne'ë ko'ö ni Jiyuudu Daama	_	Uu ya'a ne'ë ko'ö ni Jiyuudu Daama	Yo tengo muchas ganas de ir a USA		_	chidan jitechköñ no'o	mi papá acarrea leña									
Kú töo	Coralillo	Dinu nichis ama kú töo	Mi hermano vió un coralillo.	kueche, kú töo	es pinto el coralillo	Jibakun yeabenu ínuu	_	Jibakun yeabenu ínuu	En Cuicatlán hace mucha calor		_	chakun je'ëñ jinkuy chebaa	mi mama va a dejar comida									
Kú yati	Lagartija␂vibora	Ú nichi ama kú yati	Yo vi a una lagartija-vibora.	kuu yati jót	la lagartija vibora salta	Tiubin yeabeanu ña'ä	_	Tiubin yeabeanu ña'ä	San María esta muy lejos		_	tibi'in je'eta yuta itcheanu	mi hermana come carne de venado									
Kù yéabea	Avión	Ú nichi ama kù yéabea	Yo vi un avión.	ú chea no ama kuu yéabea	yo me subi a un avion	Uu bea kanta ñuuu nuku iña Jiguoo	_	Uu bea kanta ñuuu nuku iña Jiguoo	Nosotros tenems problemas con los de Coapan		_	Uu chikaa nuto'o nuku ama jíkuu	yome corte un dedo con un cuchillo									
Kù yúdii	Risador	Ú jitubi kù yúdii	Yo ocupo risadores	ú katatïi ama kúu yúdii	en mi cabeza traigo un rizador	Ya'a te'ë so'ö Dinoo	_	Ya'a te'ë so'ö Dinoo	Son muy finos los de Concepcion Papalo		_	chakun ikay yúntu toch jichinu	mi mamá echa tortillas por las tardes									
Kú yúduu	Anaconda	Ama kú yúduu kánat chibatu ñe'ë	Una anaconda se llevó a mi chivo.	Kú yúduu je'et iti	las anacondas se comen a los animales	Ya'a jea noo takó	_	Ya'a jea noo takó	Ella es muy presumida		_	uu jitboo tíku kuete	yo capturo chapulines en el campo									
Kùchi	Algodón	Yeabean kùchi nochi jitatï	Mi almohada es de algodón.	jinkuee kúchi ñë'e joo	se le levanta la pelusa a mi pantalon	Uu iinu ba'a	_	Uu iinu ba'a	Yo construyo casas		_	chichee ikay cheanu	mi abuelo corta la hierba									
Kuyadud	Duerme	¿A ne'e kuyadud?	¿Te quieres dormir?	toch jinkio'ö yabean në'e kuyadu	al medio dia me quiero dormir	Uu íinu ba'a	_	Uu íinu ba'a	Yo veo la casa		_	Tii bi'i bea tu'u kaya ñe'ëta	mi hermana tiene pollitos									
Lasi	Lodo	Yeabean ji lasi toch gë	Cuando llueve hay mucho lodo.	nuku lasi jidnay nó'o	con el lodo hacen los adobes	Uu bea ínu ba'a ñë'e	_	Uu bea ínu ba'a ñe'ë	Yo tengo tres casas		_	dimoo tumi cheye nanko'oy chaku no tienda	le dieron puro cambio a mi mama en la tienda									
Laatu	Arado	Chidan jitubiy laatu	Mi papá ocupa el arado.	chidan chimjinuñ latu ñë'eñ	a mi papa se le olvido su arado	Chakun kanubeñ nuutii	_	Chakun kanubeñ nuutii	Mi mamá trae puestos unos aretes		_	uu gua eanu je'e neatu tochi kuee	a mi no me gusta comer tomate verde									
Labente	Duende	Yeabean bea labente kuete	Hay muchos duendes en el campo.	ama labente chenes ú	un duende me mordio	Chidan ya'a toñ	_	Chidan ya'a toñ	Mi papá se enoja mucho		_	noyo kun niguan yeabeanu nanubi ndeyee	este año creo que se dará mucho el durazno									
Laka	Chachalaca	Tochi a jimàà  jiknó laka	Cuando anochece sale la chachalaca	jinamin jiya laka	en el pantano llegan las chchalacas	Uu ya'a je'e töo ñë'e nuku sakó	_	Uu ya'a je'e töo ñe'ë nuku sakó	Yo odio a ese señor		_	ño'ö ñe'ë ndeyen yeabeanu nee nanta	el duraznal tiene muchas flores									
Lanti	Hueso	Ama lanti ñe'e tú'u yeabean lï	Un hueso de pollo es muy pequeño	yana ñë'e eanut je'et lanti	a mi perro le gustan los huesos	Ya'a badii iña kó	_	Ya'a badii iña kó	Pobre de ese señor		_	uu yeabean eanu je'e nuti kuoo	a mi me gusta mucho comer chabacano									
Lantíkud	Costilla	Yeabean ya'a lantíku	Me duele la costilla.	eanu je'e lantikuu itintu	me gusta comer las costillas de res	Ya'a eanu jichikaa	_	Ya'a eanu jichikaa	Me gusta mucho pasear		_	iña niku ya'a kanii jinubtoñ	la gente grande se enoja muy rapido									
Lantuu	Cola de caballo (planta)	Chinjíku bea lantuu	En el rio hay cola de caballo.	yebean naa lantuu ñë'e yudtiñ	es muy buena la cola de caballo para el cabello	Uu chii nuutii cilantro	_	Uu chii nuutii cilantro	Yo sembré(eché) semillas de cilantro		_	yeabean nenoo nanta ealea bea	hay muchos tipos de flores de dalia									
Leabea	Aguado	Yeabean leabea kanó kantu núni ñe'ed	Muy aguado salió tu frijol.	kanbid leabea noo ntu	kitale lo aguado al atole	Uu nanuuchi ama ño'ö	_	Uu nanuuchi ama ño'ö	Yo sembre un arbol		_	tochi bea bikun iñan yeabean jay yuta je'ey	cuando hay fiesta la gente compra mucha carne									
Leantu	Lagaña	Yeabean leantu nod	Tienes mucha lagaña.	leantu ñë'e yanan kanta	la lagaña del perro es peligrosa	Uu jea tio'ö	_	Uu jea tio'ö	Yo me subo a los arboles		_	uu jita tii tochi icha	me duele la cabeza cuando hace frio									
Leeko/sangataa	Coyote	Leeko je'et iti	El coyote come animales.			Ya'a bo'o sonkubi	_	Ya'a bo'o sonkubi	Me dan miedo los borrachos		_	uu jiita runtiya tochi icha	a mi me duele la rodilla cuando hace frio									
Lï	Pequeño	Yaa lï ama nanta chi kane kuchba	Esta muy chiquito la flor que esta en el patio.	ú në'e ama lï ñë'e	yo quiro un bebe mio	Uu ya'a ne'ë ku'u ntu yoo	_	Uu ya'a ne'ë ku'u ntu yoo	Tengo antojo de atole amargo		_	nokuon jijeaa iba mu'ü	aveces neva aquí									
Lii	Arrugado	Yeabean lii tiká	Está muy arrugado mi ropa.	iña niku a lii noñ	los viejitos ya tienen arrugas en la cara	Uu nantabo'ö ama nudu	_	Uu nantabo'ö ama nudu	Yo copie unas palabras		_	jibakun yeabeanu jinunioo uu	en cuicatlan sudo mucho									
Lítu	Saquetón	Chéche ñóo lítu ú	Se me enterraron espinas del saquetón	kanee ama lítu noo taka	un saqueton se pego en mi ropa	Gua noo ko'ö	_	Gua noo ko'ö	No lo dije bien		_	uu eani je'e yuku mï	a mi me gusta comer la tamala									
Löo	Hoyo	Diya chinoy no ama lö chi yeabean yanuu	Mi tío se cayó en un hoyo muy profundo.	iñan linuñ ama lö	la gente esta haciendo un oyo	Ya'a ko'o	_	Ya'a ko'o	Me duele el pie		_	uu eanu jichiika bio	a mi me gusta pasear									
Lunchi	Borrego	Ú ne'e che'e yuta ñe'e lunchi	Yo quiero comer carne de borrego.	lunchi ya'a at		Gua ne'ë ko'ö	_	Gua ne'ë ko'ö	No quiero ir		_	ne'ë kuaa ama nakuu ko'o	quiero comprarme unos huaraches									
Lunti	Redondo,	Yeabean lunti dibi chibatu	El estiercol del chivo es redondo.	nutnoon yeabean lunti	mis ojos son muy redondos	Be'ëe bea	_	Be'ëe bea	un pedazo de naranja		_	jinkio'ön yeabean jichi ñoo noo	al medio dia me da mucho sueño									
Lúti	Corto	Yeabean lúti ama ko´od	Tienes muy corto uno de tus pies.	lúti íyu ti	esta muy corto ese mecate	Na'a daamï	_	Na'a daamï	Menstruación		_	ne'ë kuyadu	me quiero dormir									
Luchi	Bonito	Sakon yeabean luuchi noos	Él tiene la cara muy bonita.	yeabean luuchi dikuoo	esta muy bonito el bebe	Ama so'ön jitechkos ño'o nuutii	_	Ama so'ön jitechkos ño'o nuutii	Un hombre acarrea arena		_	chakun jidnay tiba dutit ni iy jimbeaku	mi mama prepara empanadas de huevo con hierba santa									
Màà	anochecer, noche	a ne'é kubi màà	ya quiere anochecer	mu'ün yebean maa	aquí esta muy obscuro	Kue'ëd nood niaa	_	Kue'ëd nood niaa	Ve a lavar en el arroyo		_	jijea iba kuchba'a	esta nevando alla afuera									
Marceja	Murciélago	Yeabean bea marceja kuete	Hay muchos murciélagos en el campo.	ú bo'o marceja	me da miedo el murcielago	Kuchid júku ñe'e itintu	_	Kuchid júku ñe'e itintu	Entierra la estaca del toro		_	yebeanu sne yoo ñe'ë nitu	tienen mucha espina los nopales									
Mèè	Nublado	Yeabean mèè	Está muy nublado.	tochi mee yeabean icha	cuando esta nublado hace mucho frio	Kuchí neuu	_	Kuchí neuu	Ven vamos a platicar		_	ya'a yebea jijobe ño'o ñe'ë ndeye tochi jinee nanta ñe'ë	se ve muy bonito el duraznal cuando tiene flores									
Méde	Calceta	Kuad ama méde ñe'ë	Cómprame una calceta.			Dinaa ama kueatea ñë'e, nuku jiiyuu	_	Dinaa ama kueatea ñe'ë, nuku jiiyuu	Me voy a hacer un canasto con carrizo		_	uu jokaba u	a mi me da coraje									
Mï	Camote	Ú ne'e che'e mï	Yo quiero comer camote.	yeabean eanu je'e mï	me guta mucho comer camote	Chidan cheanós chaku	_	Chidan cheanós chaku	Mi papá mantiene a mi mamá		_	uu ii noo	yo me maquillo									
Mï nïi	Chayocamote	Ká mï nïi	Compre chayocamotes.	Mï nii boo kantu tu'u	camotes con caldo de pollo	Naakuu jiima snu ko'o	_	Naakuu jiima snu ko'o	Huaraches de piel traigo puestos		_	uu ne'ë che'e nutiukuu	yo quiero comer semillas									
Mï no'ö /mïngó náa	Camote morado	Ú ne'e che'e mïngó náa	Yo qruiero comer camote morado.	Mí no'ö yadii je'e	el camote morado es dulce	Kuid jíma dutit	_	Kuid jíma dutit	Echale sal a los huevos		_	uu ne'ë che'e naiya dutit	yo quiero comer salsa de huevo									
Mnó	Arriba	Mnó mesa snuu bi'i	Arriba de la mesa hay frutas.	tïi bi'i mnoota chi kubi uu	mi hermana es antes (mayor) que yo	Kuaachi daya takó, naka	_	Kuaachi daya takó, naka	Gemelos tuvo ella		_	yeabean ña'ä jika	yo camino lejos									
Mojechey	Axila	Yeabean keadea mojeché	Tengo comezón en las axilas.	kata'a ama nuubi mojechey	tiene un grano en la axila	Uu eanu je'e yuntu kúdu	_	Uu eanu je'e yuntu kúdu	A mi me gusta comer tostadas		_	u jinee jini servilleta ñe'ë	yo le pongo la orilla a mi servilleta									
Mòo	Yo	Mòo bea ama ñana lï ñe'ë	Yo tengo un perrito	ñë'e moo	es mio 	Sakón dimoo nudu dibani jinés	_	Sakón dimoo nudu dibani jinés	El dice puras groserias		_	sii bi'in bea ama bichi lï ñe'ës	mi hermano tiene un gatito									
Mó	Abajo	Mò ño'ö  bea nanta	Debajo del árbol tengo flores.	kanuu moo	quedo abajo	Takón möo möo jineeta	_	Takón möo möo jineeta	Ella susurra		_	u bea ama kiana ñe'ë	yo tengo una camisa									
Mo-íbuu	Jesus	Mo-ibuu kaneñ nojobe	Jesus esta en el cielo	cheatea bed inu ñë'e Moo ibu	es muy milagroso Dios	Kuid jaba kaantu	_	Kuid jaba kaantu	Echale los ingredientes al caldo		_	i no'o da'a chita bete	le cho leña a la olla de tamales									
Mu'u	Aquí	Mu'u kané	Aquí estoy.	mu'u bea nuni	aquí hay agua	Uu chinó ama diiñu	_	Uu chinó ama diiñu	Ami se me cayó un diente		_	u eanu jea yúdu	a mi me gusta montar a caballo									
Nababi'í / nangobi'i	Pegar, pegado.	Yata ñe'e kaka ñe'edin yeabean nabi'í.	Las hojas de tu libro están muy pegados.	tee chu dii tumin nababi'í noo tumi	te doy esto para acompletar el dinero	Kuid chiyadi yúku	_	Kuid chiyadi yúku	Echale azucar a la calabaza		_	ne'ë ama lï ñe'ë	quiero un bebé mio									
Nama	Jabón	Ko'ö kua ama nama	Voy a comprar un jabón.	yebean naa jee naama	huele rico el jabon	Uu snu íku tïi	_	Uu snu íku tïi	Yo tengo piojos en la cabeza		_	uu gua eanu jinanu ku'u	a mi no me gusta lavar los platos									
Nabéanu	Aborto	Nabeánu daya dudi	Mi tia tuvo un aborto	Nabeanu dayaa itintu	la vaca tuvo un aborto	Yaana ñe'ën snu iyu iti	_	Yaana ñe'ën snu iyu iti	Mi perro tiene pulgas		_	tochi jinan naa jiñe'ë	cuando me baño me siento bien									
Nabeanud	Recoje	Kue'ëd nabeanud nínu	Vé a recoger el maíz.	nabeanud nínu	recoje el maiz	Kuu íi	_	Kuu íi	Salterio		_	uu ne'ë ku'u jadi	yo quiero tomar tepache									
Nabo'oo	Cereza/capulín	Ú ne'e che'e nabo'oo	Yo quiero comer cereza	chiya'a chete ñe'ë nabo'o	me dolio el estomago por la cereza	So'ö íi	_	So'ö íi	Salterista		_	u ne'ë kunu ama yada	yo me quiero poner un vestido									
Naíba	Mercado	Ú bea ama dudi chi je'eñ naíba	Yo tengo una tia que va al mercado.	nukue'e jinikuy naíba	venden de todo en el mercado	Bea ama so'ö teke ñë'e	_	Bea ama so'ö teke ñe'ë	Tengo un joven		_	ya'a yebea aa yaada tii ba'a ñe'ë	canta muy bonito el pajaro en el techo de mi casa									
Naídii	Aguacate	Chidan yeabean bea naídii ñë'eñ. # Dudi jiníkuy naídii	Mi papá tiene muchos aguacates. # Mi tia vende aguacates.	ú eanu je'e naídii	me gusta comer aguacate	No'ö kun ya'a naas	_	No'ö kun ya'a naas	Este maestro es muy bueno		_	yebean kanó ño'oo ñe'ë baku	salio mucha tierra de mi casa									
Naíd-yádi	Higo	Ú je'e naíd-yádi. # Sakoon bea naíd-yádi ñe'ës	Yo como higos. # Él tiene higos.	yeabean gua naídii yádii	Casi no hay higos	Tano'ö kun ya'a töota	_	Tano'ö kun ya'a töota	Esta maestra es muy enojona		_	ama tadin cheatea tio'on ni chinota	una niña se subió a un árbol y se cayó									
Naíyaa	Salsa	Kákud naíyaa che'e chiku'u	Has salsa para que coma mi abuela.	yebean yáduu naiyaa	esta muy picosa la salsa	Uu jinee bede nuku dibaku	_	Uu jinee bede nuku dibaku	Yo hablo español y cuicateco		_	binu kun yeabean bea iñu	esta noche hay muchas estrellas									
Naja'a	Nuez	Dinu jinikus naja'a. # Ú bea naja'a ñe'ë	Mi hermano vende nuez. # Yo tengo nueces.	yeabean cheche naja'a kú	esta muy dura esta nuez	Ya'a jitubjinu chi chíi yana ñë'e	_	Ya'a jitubjinu chi chíi yana ñe'ë	Me entristece mucho la muerte de mi perro		_	tumikun gua jichiba	este dinero no sirve									
Naneachea	Borrar	Naneachea chi gua noo dijú. # Sakó chines ú naneache nochi dijú nó'ö.	Borré lo que escribí mal. # Él me ayudó a borrar el pizarrón	naneachea naama	se deshizo el jabón	Ya'a jöo noota	_	Ya'a jöo noota	tiene la cara triste		_	uu jidii icha ñe'ë	a mi me dio frialdad									
Nankuníbii	Colorin, pipe	Yeabean cheatea ño'ö ñe'e nankuníbii	El árbol del colorin es muy grande.	tio'ö tin yeabean naa snee nankuníbii ñë'e	ese arbol tiene mucho colorin	Ya'a ne'ëe ñe'eta	_	Ya'a ne'ëe ñe'eta	Tiene un mal semblante		_	ama iñan ko'oy no'ö ama itcheanu kuete	una persona le dio un balazo a un venado en el campo									
Nanta	Flor	Ú bea ama tiku nanta ñe'ë. # Ú ya'a eanu nanta kó	Yo tengo unos ramos de flores. # A mí me gusta esa flor.	yebea nanta kó	esa flor esta muy bonita	Jijea deabea iiyuu	_	Jijea deabea iiyuu	Cae el rocío		_	uu ne'ë che'e dutit chi ninee bpkio'ö	yo quiero comer huevo duro									
Nantiö	Rosa	Ú bea nantiö ñe'ë. # Iñse nenó nantiö ñe'ëñ bea	Yo tengo rosas. # Ellos tienen rosas de muchos colores.	ñoo nantioö	las rosas tienen espinas	Jijea íibaa	_	Jijea íibaa	Cae la helada o la nieve		_	ne'ë ama pañu chi kueaku	necesito un reboso para taparme									
Nánu (jinánu)	Lavar	Ú nánu ku'u. # Iña kón jinánuy chita ñe'ëñ.	Yo lavo los platos. # Esa señora está lavando su olla.	ú gua eanu jinánu kú'u	a mi no gusta lavar platos	Yeabeanu aaba yana	_	Yeabeanu aaba yana	Ladran mucho los perros		_	u jinutii sin nuku dinuu	yo me pongo sombrero y gorras									
Nata	Raza (siembra de maíz)	Sadï bi´i jiinus nata. # Sakón nata dibaku so'ö.	Mi hermano siembra maíz. # La raza de él es cuicateca	nata niikuu yana kó	es de raza grande ese perro	Uu chíi yudu ncheatu	_	Uu chíi yudu ncheatu	Yo me corte el fleco		_	dudin amtea no'o ñe'ën	mi tia ya no tiene leña									
Ndá	Bueno	Iña kón bea nínu ndá ñe'ëñ.  # Diya tö ndáy nuúku	Esa persona tiene maíz muy bueno. # Mi tío es muy bueno conmigo.	ndá che'ed yuntu	come muy bien (tortillas)	Uu kata'a runti ncheatu	_	Uu kata'a runti ncheatu	A mi me salio un chipote en la frente		_	tochi jíina jinú deakea yud tii	cuando me baño se me enreda el cabello									
Ndakuu	Guarache	Ú bea ama ndakuu ñe'ë chi tö eanu. # ¿A ne'éd nobe ndakuu?	Yo tengo unos guaraches que me gustan mucho. # ¿Tú necesitas unos guaraches?.	ú gua eanu jinuko'o ndakuu	a mi no me gusta usar guaraches	Kaniiti baku	_	Kaniiti baku	Le echaron piso a mi casa		_	uu jijea yudu tii	a mi se me cae el cabello									
Ndee	Mucho	Yeabean ndee nínu kad. # Yeabean ndee dayad.	Compraste mucho maíz. # Tienes muchos hijos.	yeabeanu ndee tumi nee	traigo mucho dinero	Kaníti baku	_	Kaníti baku	Estoy echada		_	uu kunuu tii ba'a ñe'ë	yo voy a colar mi losa									
Ndete	Ejote	Takó je'eta ndete. # Ú yeabean bea ndete ñe'ë	Ella come ejotes. # Yo tengo muchos ejotes.	tebean naa yuunu ndete	estan muy tiernos los ejotes	Chinó yoo noo	_	Chinó yoo noo	Me desvelé		_	chida nuku chakun jinikuy tinuu	mi papa y mi mama venden ropa									
Ndeyee, ndeyaa	Durazno	Ú bea ndeyaa no baku. # Chida jinikuy ndeyee.	Yo tengo duraznos en mi casa. # Mi papá vende duraznos.	yebeanu naa yaadi je'e ndeyaa	saben muy dulces los duraznos	Chíita	_	Chíita	Me enfermé		_	chichee jinikuy tiaka nuku nduu	mi abuelo vende platano y caña									
Ndi´i	Mosca	Ndi´i ya'a ñat. # Ú nichi ama ndi'i	Las moscas son muy sucias. # Yo ví una mosca.	yabeanu jorruu ndi'i ti jabee	me zumba mucho esa mozca en el oido	Nubnaa	_	Nubnaa	Me compuse, sane, me volvi bueno		_	iñan jidikanuñ ño'o kuete tochi jineño'öñ cheanu	la gente provoca incendios cuando rosan los terrenos									
Ndúbi	Grano	Takon nde ndúbi num ama to'ö. # Kanó ndúbi dí chi ñoo.	Ella tiene granos en todo el cuerpo. # A ti te salieron granos por el calor.	a tanee noyo chis jinoo ndúbi noo	ya me llegó la edad por eso me salen granos en la cara	Bea ama chiita cheatea ñë'e	_	Bea ama chiita cheatea ñe'ë	Tengo una olla grande		_	chidan kanekumiña ama yúduu danti	mi papa tiene un caballo flojo									
Në	Mole	Nanad në kat ne'e che´e	Has mole que quiero comer.	chiichi chi yeabeanu née në che'e	vomite por que comi mucho mole	Dicho'o chi chinaa chimba'a ñë'e	_	Dicho'o chi chinaa chimba'a ñe'ë	Mande a hacer mi puerta		_	chaku nuku tankaya bi'in che'ëñ ne'ey	mi mama y mis hermanas fueron a bailar									
Ne´ë	Quiero	Ú ne'ë juchi	Yo quiero a mi sobrina	ú ne'ë kuaa ama takaa	yo me quiero comprar ropa	Dayan a chimbakuta	_	Dayan a chimbakuta	Mi hija ya se casó		_	uu kaa ama yáda ñe'ë	yo me compré un vestido									
Néabea	Gallina ciega	Mo ño'oo yeabean snu néabea	Debajo de la tierra hay muchas gallinas ciegas.			Kaa ama yáda ñë'e	_	Kaa ama yáda ñe'ë	Me compre una falda/vestido		_	yana ñe'ë yeabean jeakut chi jinkakut uu	mi perro llora mucho porque me extraña									
Neatuu	Tomate	Ya'a yaku chiba neatuu. # Diya jinuy neatuu kuete.	Está muy caro el tomate. # Mi tío siembra tomate en el campo.	yebean yaaku chíba neatuu	esta muy caro el tomate	Moo ba'a	_	Moo ba'a	Corredor/Pergola		_	tochi jee kubin jinó je'ee kuente	cuando llueve salen hongos en el campo									
Néne,níni	Guaje	Ú bea ama ño'o ñe'e níni ñe'ë. # Chakun kay néne.	Yo tengo un árbol de guaje. # Mi mamá compró guaje.	Noban yeabean bea niini	en Oaxaca hay mucho guaje	Nanuumi tii	_	Nanuumi tii	Me trence		_											
Nibii	Papa	Ú jiná nibii chi che'e. # Keabea eanus je'es nibii.	Yo preparo papa para comer. # A mi hermano le gusta la papa.	nibii yebean naa je'e chi niyuchi	las papas saben muy ricas fritas	Chíi yudtïi nuku ama káka	_	Chíi yudtïi nuku ama káka	Me peiné con un peine		_											
Nichama	Once	Ú bea nichama ya'a ñe'ë.  # Bi'i nichama ndoyos	Yo tengo once jícaras. # Mi hermano tiene once años.	nichama noyo tochi tïi bïi chintioota	tenia once años cuando nacio mi hermana	Beaa bea yaadí, bea yoo, bea jiiba ñë'e	_	Beaa bea yaadí, bea yoo, bea jiiba ñe'ë	Tengo naranjas, limones, guayabas		_											
Nichi	Díez	Chakun bea nichi tu'u ñe'eñ. # Un ne'ë nichi dut-íñuu	Mi mamá tiene diez pollos. # Yo quiero diez huevos de guajolote.	kad nichi, kad nichi, joduchi chiku'u tochi jinikuy	de diez en diez cuenta mi abuela cuando vende	Nooba ya'a yeabea	_	Nooba ya'a yeabea	Oaxaca es muy bonito		_											
Níchi	Ver	Ú ne'e nichi chida. # Ú ne'e nichi chi jeas itintu.	Yo quiero ver a mi papá. # Yo quiero ver el jaripeo.	ú ne'ë nichi a taka ikay chea	yo quiero ver como hacen el comal	Uu kuaa chijobed	_	Uu kuaa chijobed	Yo gritare tu nombre		_											
Nichubi	Doce	Bi'in nichubi ndoyota. # Insen bea nichubi yúduu ñe'en.	Mi hermana tiene doce años. # Ustedes tienen doce caballos.	nichubi íyu naa noyo	doce meses trae el año	Chiku'un je'ëñ jiguay ño'ö nguku	_	Chiku'un je'ëñ jiguay ño'ö nguku	Mi abuela va a traer barro		_											
Nïi	Chayote	Yeaben yaku chiiba nïi. # Chakun bea nïi ñë'eñ.	El chayote es muy caro. # Mi mamá tiene chayotes.	yebean naa timi je'e nïi	saben muy consistente el chayote	Ne'ë kunitnee noo ama jiiba	_	Ne'ë kunitnee noo ama jiiba	quiero recostarme en un petate		_											
Nítu	Nopal	Chida ne'e che'ey nítu	Mi papá quiere comer nopal.	yebean láa níitu	esta muy baboso el nopal	Kueanúd ño'ö nuku cheene	_	Kueanúd ño'ö nuku cheene	Sopla la lumbre con un soplador		_											
Nínaa	Maduro	A bea ndeyee chi nínaa. # Nut Bi'i kon a nínaa.	Ya hay duraznos maduros. # Esa fruta ya está madura.	Nídin a nínaa	el aguacate ya esta maduro	Nandeabead chea nuku kuiiyaa	_	Nandeabead chea nuku kuiiyaa	Limpia el comal con la escobilla		_											
Ninchí/nanchí	Cocido	Ú bea nïi ninchí ñe'ë. # A nanchí núni.	Yo tengo chayotes cocidos. # Ya está cocido el frijol.	nichid nichi a ninchii dutit	fijate si ya se coció el huevo	Jee nunñoo uu	_	Jee nunñoo uu	Huelo a sudor		_											
Ninditu /jinítu	Hinchado	Jinítu nochi jo´o ama kachi	Se incha donde pica una avispa	cho'o nee kó'o man yeabean ninditu	me fracture el pie por eso esta muy inchado	Kuad jaadii ku'u	_	Kuad jaadii ku'u	Comprame tepache		_											
Nini	Nueve	Takon káta nini kudubi. # Sakón nindamas nini tuu	Ella compró nueve cucharas. # Él juntó nueve piedras.			Uu a bea deaku	_	Uu a bea deaku	Yo ya tengo bisnietos		_											
Nínii	Ponchado, reventado, roto.	Nínii tii, chi chineabea. # A nínii núni.	Se rompio mi cabeza por que me caí. # Ya se reventó el frijol.			Jinkuee yaaku chete	_	Jinkuee yaaku chete	a		_											
Nintubii	Descompuesto	Yuntu ñe'e takó a nintubii. # A nintubii tiaka kú	La tortilla de ella está descompuesta. # Ya está descompuesto éste plátano.			Ko'ö nuu je'e kuete	_	Ko'ö nuu je'e kuete	Voy a buscar hongos al campo		_											
Nínu	Maíz	Ú yeaben bea nínu ñe'ë. # Ú ne'ë nínu chi che'e tu'u ñe'ë.	Yo tengo mucho maìz. # Yo necesito maíz para que coman mis pollos			Ko'ö kuuma no'ö	_	Ko'ö kuuma no'ö	Voy a quebrar leña		_											
Nio´oo	Suelo	Sudi jintibiy ñoó nio´oo. # Nio´oo bea nanta.	Mi tía hace lumbre en el suelo. # En el suelo hay flores			K'ö kaaka no'ö	_	K'ö kaaka no'ö	Voy a cortar leña		_											
Nó´o	Adobe	Ú bea ama ba'a nó'o ñe'é. # Ú chë naná nó'o	Yo tengo una casa de adobe. # Yo aprendí a hacer adobe.			Ya'a pearru ama sïi lïi	_	Ya'a pearru ama sïi lïi	Muy grosero un niño		_											
Nojobe / njobe	Cielo	Yeabean mèè nojobe	Esta muy nublado el cielo.			tanoo no'ó chi kaanu baku	_	tanoo no'ó chi kaanu baku	Voy a hacer adobes para construir mi casa		_											
Noo	Rostro, cara	Yeabea noo takoo. # Sakón ninka'a noos.	Ella tiene el rostro bonito. # Él tiene la cara lastimada.			Bea jityaaka ñoo iinuu	_	Bea jityaaka ñoo iinuu	Hay platanares en tierra caliente		_											
Nó'ö	Maestro	Ú bea ama nó'ö ñe'ë chi nás.	Yo tengo un maestro muy bueno.			Jeaa kuaaku yuuni	_	Jeaa kuaaku yuuni	Esta muy empinado el camino		_											
No-dúnu	Pantano	Ko'ö no-dúnu	Voy al pantano.			Nadnaa nee ïñuu	_	Nadnaa nee ïñuu	Voy a preparar mole de guajolote		_											
Nó'oo	Bala (tiros)	No´oo yeaben kánta. # Sakón chís nó'oo chete jinkatu ñë'es.	Las balas son muy peligrosas. # Él le puso balas a su escopeta.			Kaaku naíyaa che'e	_	Kaaku naíyaa che'e	Voy a preparame una salsa (moler en el molcajete)		_											
Ntú	Atole	Ú ya'a eanu ji'i ntú. # Ú ne'e kuë nadna ntú.	A mí me gusta tomar atole. # Yo quiero aprender a hacer atole.			Nanúbi cheate jiiku chi chee kúbi	_	Nanúbi cheate jiiku chi chee kúbi	Creció el rio porque llovio		_											
Nukño'ö	Brasa	Chichi ko'o nuku nukño'ö	Mi pie se quemó con la brasa.			Kaakad nuku jikú neatu	_	Kaakad nuku jikú neatu	Corta con el cuchillo el tomate		_											
Nukue'ë	Todo	Nukue'ë chi chikata ú tö kané. # Nukue'ë iñsen iña ñe'ë iña	Todo lo que ella me pidio está ahí. # Todos ellos son mis parientes.			Jidikueakuy kuu	_	Jidikueakuy kuu	Tocan la campana		_											
Nukyanti	Guanábana	Chichë je'ey nukyanti. # Jibakun jinikuy nukyanti.	Mi abuelito come guanábana. # En Cuicatlán venden guanábana			Ninchóo bií	_	Ninchóo bií	Esta podrida la fruta		_											
Nukyòò	Membrillo	Chiduu ne'e che'ey ama nukyòò	El padre quiere comer un membrillo.			Chete yuku kuid no'ö chi kanad	_	Chete yuku kuid no'ö chi kanad	Dentro del tenate echa la leña que vas a llevar	u	_											
Nulasense	Salud(tomando bebida alcholica)	Nulasense chikuday	Salud comadre.			Jeanu ño'ö daami Tieyo	_	Jeanu ño'ö daami Tieyo	Hay un incendio en Girasol		_											
Núna	Pitalla	Ño-ínun yeaben bea núna. # Sakón che'ës nguas núna.	En tierre caliente hay pitalla. # Él fue a traer pitalla.			Nabid no'óo jingatu	_	Nabid no'óo jingatu	Carga de balas la escopeta		_											
Nùni	Agua	Ú ne'e ku'u nùni. # Ú ji'i nùni	Yo quiero tomar agua. # Yo tomo agua			Ko'ö kakuu chebaa kueete	_	Ko'ö kakuu chebaa kueete	voy a dejar comida al campo		_											
Núni	Frijol	Ú je'e núni. # Chakun jinùy núni nio'ö	Yo como frijol. # Mi mamá pone fijol en la lumbre.			Nandama tíku kuete	_	Nandama tíku kuete	Voy a juntar chapulines al campo		_											
Nunño'ö	Mar	Ú ne'e nichi nunño'ö	Yo quiero conocer el mar			Jikdinu, jeé baa, jeé biinu yuntu	_	Jikdinu, jeé baa, jeé biinu yuntu	desayuno, como y ceno tortilla		_											
Nunti	Delito	Sakó dïs ama nunti. # Ú chineñ ama nunti dami	Él cometio un delito. # Me culparon de un delito																			
Nutbëe	Arete	Ú ká naobe nutbëe. # Iña kon jiníkuy nutbëe ná	Yo compré un par de aretes. # Esa señora vende aretes de oro.																			
Nútdiku	Granada de moco	Chakun jínuy nútdiku. # Sakón nikus nutdíku.	Mi mamá siembra granadas. # Él vendio granadas.																			
Nutdüu	Grilla(planta medicinal)	Iña kon ne'eñ nutdüu. # Takon jitubita nutdüu chi je'e bëta	Esa persona necesita grilla. # Ella ocupa la grilla para el dolor de oído																			
Nutiukuu	Semilla	Ú yeabean eanu nutiukuu. # Takon jinikuta nutiukuu.	A mi me gusta la semilla. # Ella vende semillas.																			
Nutnó	Ojo	Sakó ya'a ama nutnós. # Takoo kuee nutnóta	A él le duele un ojo. # Ella tiene ojos verdes.																			
Nutnó ko'oy	Tobillo	Ká ama tuu nutnó ko'oy	Se pego una piedra en su tobillo.																			
Nutñó	Zarzamora	Iyu ju'u inti nutñó	En el mes de mayo hay zarzamora																			
Nutñó juchi	Frambuesa	Yeabea nda je'e nutñó juchi	La frambuesa es muy sabrosa.																			
Nutó'o	Dedo	Ú yeabea nutó'o. # Nutó'odin kúe	Yo tengo bonitos dedos. # Tus dedos están chuecos																			
Nutyákuu	Cebolla	Ú jinú nutyákuu no núni. # Ú che'ë ká nutyáku  naíba.	Yo le pongo cebolla a los frijoles. # Yo fui a comprar cebolla en el mercado																			
Núu, ndúu	Caña	Ú ne'e kuna ndúu	Yo quiero masticar caña																			
Nùùku		Ú bea inu ño'ö ñe'e nùùku ñe'ë. # Takó jata nùùku chi nínaa	Yo tengo tres árboles de chirimoya. # Ella compra chirimoyas maduras.																			
Núku	Vara	Ko’oy ú nuku ama núku. # No ñó'oo ñe'ëd yeabean bea núku	Me pegaron con una vara. # En tu terreno hay mucha vara.																			
Nutii	Bolita	Ú eanu nuti chi kata'a tïd.	Me gusta la bolita que traes en la cabeza.																			
Nutko'o	Dedo del pie	_	_																			
																						
																						
																						
																						
																						
																						
																						
																						
																						
																						
																						
																						
																						
																						
																						
																						
																						
																						
																						
																						
																						
																						
																						
																						
																						
																						
																						
																						
																						
																						
																						
																						
																						
																						
																						
																						
																						
																						
																						
																						
																						
																						
																						
																						
																						
																						
																						
																						
																						
																						
																						
																						
																						
																						
																						
																						
																						
																						
																						
																						
																						
																						
																						
																						
																						
																						
																						
																						
																						
																						
																						
																						
																						
																						
																						
																						
																						
																						
																						
																						
																						
																						
																						
																						
																						
																						
																						
																						
																						
																						
																						
																						
																						
																						
																						
																						
																						
																						
																						
																						
																						
																						
																						
																						
																						
																						
																						
																						
																						
																						
																						
																						
																						
																						
																						
																						
																						
																						
																						
																						
																						
																						
																						
																						
																						
																						
																						
																						
																						
																						
																						
																						
																						
																						
																						
																						
																						
																						
																						
																						
																						
																						
																						
																						
																						
																						
																						
																						
																						
																						
																						
																						
																						
																						
																						
																						
																						
																						
																						
																						
																						
																						
																						
																						
																						
																						
																						
																						
																						
																						
																						
																						
																						
																						
																						
																						
																						
																						
																						
																						
																						
																						
																						
																						
																						
																						
																						
																						
																						
																						
																						
																						
																						
																						
																						
																						
																						
																						
																						
																						
																						
																						
																						
																						
																						
																						
																						
																						
																						
																						
																						
																						
																						
																						
																						
																						
																						
																						
																						
																						
																						
																						
																						
																						
																						
																						
																						
																						
																						
																						
																						
																						
																						
																						
																						
																						
																						
																						
																						
																						
																						
																						
																						
																						
																						
																						
																						
																						
																						
																						
																						
																						
																						
																						
																						
																						
																						
																						
																						
																						
																						
																						
																						
																						
																						
																						
																						
																						
																						
																						
																						
																						
																						
																						
																						
																						
																						
																						
																						
																						
																						
																						
																						
																						
																						
																						
																						
																						
																						
																						
																						
																						
																						
																						
																						
																						
																						
																						
																						
																						
																						
																						
																						
																						
																						
																						
																						
																						
																						
																						
																						
																						
																						
																						
																						
																						
																						
																						
																						
																						
																						
																						
																						
																						
																						
																						
																						
																						
																						
																						
																						
																						
																						
																						
																						
																						
																						
																						
																						
																						
																						
																						
																						
																						
																						
																						
																						
																						
																						
																						
																						
																						
																						
																						
																						
																						
																						
																						
																						
																						
																						
																						
																						
																						
																						
																						
																						
																						
																						
																						
																						
																						
																						
																						
																						
																						
																						
																						
																						
																						
																						
																						
																						
																						
																						
																						
																						
																						
																						
																						
																						
																						
																						
																						
																						
																						
																						
																						
																						
																						
																						
																						
																						
																						
																						
																						
																						
																						
																						
																						
																						
																						
																						
																						
																						
																						
																						
																						
																						
																						
																						
																						
																						
																						
																						
																						
																						
																						
																						
																						
																						
																						
																						
																						
																						
																						
																						
																						
																						
																						
																						
																						
																						
																						
																						
																						
																						
																						
																						
																						
																						
																						
																						
																						
																						
																						
																						
																						
																						
																						
																						
																						
																						
																						
																						
																						
																						
																						
																						
																						
																						
																						
																						
																						
																						
																						
																						
																						
																						
																						
																						
																						
																						
																						
																						
																						
																						
																						
																						
																						
																						
																						
																						
																						
																						
																						
																						
																						
																						
																						
																						
																						
																						
																						
																						
																						
																						
																						
																						
																						
																						
																						
																						
																						
																						
																						
																						
																						
																						
																						
																						
																						
																						
																						
																						
																						
																						
																						
																						
																						
																						
																						
																						
																						
																						
																						
																						
																						
																						
																						
																						
																						
																						
																						
																						
																						
																						
																						
																						
																						
																						
																						
																						
																						
																						
																						
																						
																						
																						
																						
																						
																						
																						
																						
																						
																						
																						
																						
																						
																						
																						
																						
																						
																						
																						
																						
																						
																						
																						
																						
																						
																						
																						
																						
																						
																						
																						
																						
																						
																						
																						
																						
																						
																						
																						
																						
																						
																						
																						
																						
																						
																						
																						
																						
																						
																						
																						
																						
																						
																						
																						
																						
																						
																						
																						
																						
																						
																						
																						
																						
																						
																						
																						
																						
																						
																						
																						
																						
																						
																						
																						
																						
																						
																						
																						
																						
																						
																						
																						
																						
																						
																						
																						
																						
																						
																						
																						
																						
																						
																						
																						
																						
																						
																						
																						
																						
																						
																						
																						
																						
																						
																						
																						
																						
																						
																						
																						
																						
																						
																						
																						
																						
																						
																						
																						
																						
																						
																						
																						
																						
																						
																						
																						
																						
																						
																						
																						
																						
																						
																						
																						
																						
																						
																						
																						
																						
																						
																						
																						
																						
																						
																						
																						
																						
																						
																						
																						
																						
																						
																						
																						
																						
																						
																						
																						
																						
																						
																						
																						
																						
																						
																						
																						
																						
																						
																						
																						
																						
																						
																						
																						
																						
																						
																						
																						
																						
																						
																						
																						
																						
																						
																						
																						
																						
																						
																						
																						
																						
																						
																						
																						
																						
																						
																						
																						
																						
																						
																						
																						
																						
																						
																						
																						
																						
																						
																						
																						
																						
																						
																						
																						
																						
																						
																						
																						
																						
																						
																						
																						
																						
																						
																						
																						
																						
																						
																						
																						
																						
																						
																						
																						
																						
																						
																						
																						
																						
																						
																						
																						
																						
																						
																						
																						
																						
																						
																						
																						
																						
																						
																						
																						
																						
																						
																						
																						
																						
																						
																						
																						
																						
																						
																						
																						
																						
																						
																						
																						
																						
																						
																						
																						
																						
																						
																						
																						
																						
																						
																						
																						
																						
																						
																						
																						
																						
																						
																						
																						
																						
																						
																						
																						
																						
																						
																						
																						
																						
																						
																						
																						
																						
																						
																						
																						
																						
																						
																						
																						
																						
																						
																						
