Palabra	Lema	POS	Feats	Significado	Glosa	1301	822	999
a		ADV		ya				
a		PART			QST			
aa		VERB	VerbForm=Fin	canta	?-cantar-?			
acha	acha	NOUN		hacha				
adeea								
alberga		NOUN		chícharo				
alberja		NOUN		chícharo				
ama		NUM	NumType=Card	uno				
amtea				no hay				
at								
ay				llama				
ba'a		NOUN		casa				
baa								
baku		NOUN		casa				
bakun		NOUN		mi casa				
bakuu		NOUN		cárcel				
bakñoo		NOUN		municipio				
bakú		NOUN		cárcel				
bayaka		NOUN		coscomate				
bañeʼë		NOUN		mi casa	casa#base-POSS.SG1			
baʼa		NOUN		casa				
bea				hay				
bea				sentado				
beaku				elegante				
beanete		NOUN		limón				
beanu		NOUN		epazote				
beat								
beaye								
bed								
bedbêe				envidia				
bede				español				
bedeanu								
bedinuu		NOUN		milagro				
bedyeno				estar de fiesta				
bee				ciego				
beede		NOUN		español				
beeye		NOUN		nixtamal				
bemoñoʼo								
bet								
beta								
betee		NOUN		tamal				
beâ		NOUN		naranja				
bi'i				hermano(a)				
bichas				está gordo				
bichi		NOUN		gato				
bichñoʼö		NOUN		carpintero				
bii								
biidi				pasle				
binkuinuu								
bií								
biʼi		NOUN		mi hermano				
biʼin								
bokioo		NOUN		municipio				
booy								
boʼo		NOUN		miedo				
boʼos				su miedo	miedo-POSS.3SG.MSC			
bèè								
bèèya		NOUN		nixtamal				
bèèye		NOUN		nixtamal				
bée				malo(a)				
bëe		NOUN		orilla				
bëeñ								
bíchaa				gordo				
bíku		NOUN		fiesta				
bílu		NOUN		gato				
bíni		NOUN		charco				
bítuu		NOUN		viga				
cantu								
chaku		NOUN		mi mamá				
chakud		NOUN		tu mamá	mamá-POSS.2SG			
chakun		NOUN		mi mamá				
che'ed		VERB		come				
che'ë		VERB		fui				
chea			PronType=Int	cuál				
cheanu		VERB		corrió				
cheanu		NOUN		cuñada				
cheanun		NOUN		mi cuñada				
cheanuu				largo				
cheanú				sufrir				
cheate				grande				
cheatea				grande				
cheatu		VERB	VerbForm=Fin	quebré	?-quebrar-1SG			
cheatuy				sordo				
chebinu		VERB		cenar				
chebá				comida,comer				
chebä				comer,comida				
chebäa				comer				
chedee		NOUN		carga				
chee		VERB	VerbForm=Fin	comer	?-comer-1SG			
cheebinuy		VERB	VerbForm=Fin	va a cenar	?-cenar-3SG.HUM			
cheed	cheʼe	VERB	VerbForm=Fin	come	?-comer-2SG			
cheede		NOUN		carga				
cheene		NOUN		soplador				
cheeta	cheʼe	VERB	VerbForm=Fin	come	?-comer-3SG.FEM			
cheete		NOUN		estómago				
chenet		VERB	VerbForm=Fin	morder	?-morder-?			
chenu								
chete		NOUN		estómago				
cheutumañ		VERB	VerbForm=Fin	rodear	?-rodear-SG3.HUM			
cheé								
cheéd		VERB	VerbForm=Fin	comes	?-comer-2SG			
cheés	kaʼan	VERB	VerbForm=Fin	fue	COM-ir-3SG.MSC			
cheʼe	cheʼe	VERB	VerbForm=Fin	como	?-comer-1SG			
cheʼed	kaʼan	VERB	VerbForm=Fin	fuiste	COM-ir-2SG			
cheʼes	cheʼe	VERB	VerbForm=Fin	come	?-comer-3SG.MSC			
cheʼet	cheʼe	VERB	VerbForm=Fin	comio	?-comer-3SG			
cheʼey	cheʼe	VERB	VerbForm=Fin	come	?-comer-3SG.HUM			
cheʼeñ	kaʼan	VERB	VerbForm=Fin	fue	COM-ir-?			
cheʼéy	kaʼan	VERB	VerbForm=Fin	fue	COM-ir-3SG.HUM			
cheʼë	kaʼan	VERB	VerbForm=Fin	fui	COM-ir-1SG			
chi	chi	SCONJ		que	COMPL			
chiadi		NOUN		azúcar				
chiba								
chibatu		NOUN		chivo				
chiblaʼa		NOUN		armadillo				
chich								
chichen		NOUN		mi abuelito				
chichi		VERB	VerbForm=Fin	se quemó	?-quemarse-?			
chichë		NOUN		mi abuelito				
chichëen		NOUN		mi abuelito				
chida		NOUN		mi papá				
chidan		NOUN		mi papá				
chiduu		NOUN		sacerdote				
chidúbi		NOUN		cucaracha				
chii								
chii		VERB		se murió	?-morirse-?			
chiiba								
chiibat		NOUN		telaraña				
chiinta		VERB	VerbForm=Fin	se mojaron	?-mojarse-?			
chiis		VERB	VerbForm=Fin	puso	?-poner-3SG.MSC			
chika		VERB	VerbForm=Fin	corté	?-cortar-?			
chikadi		VERB	VerbForm=Fin	pude	?-poder-1SG			
chikata		VERB	VerbForm=Fin	pidió	?-pedir-3SG.FEM			
chiku'u		NOUN		abuela				
chikuday								
chikudaya		NOUN		comadre				
chikudayay		NOUN		su comadre	comadre-POSS.SG3.HUM			
chikuincháakuu		NOUN		virgen				
chikuʼu		NOUN		mi abuelita				
china		VERB	VerbForm=Fin	perdí	?-perder-1SG			
chinba'a		NOUN		puerta				
chinbaʼa		NOUN		puerta	boca#casa			
chindiyaa				asustó				
chineabay		VERB	VerbForm=Fin	se cayó	?-caerse-?			
chineabea		VERB	VerbForm=Fin	me caí	?-caerse-1SG			
chineabed								
chines		VERB	VerbForm=Fin	ayudó	?-ayudar-3SG.MSC			
chineñ								
chini		VERB	VerbForm=Fin	tronar	?-tronar-?			
chiniiyat		VERB	VerbForm=Fin	asustó	?-asustar-?			
chinod		VERB	VerbForm=Fin	tiraste	?-tirar-2SG			
chinoo		VERB	VerbForm=Fin	entró	?-entrar-?			
chinoy		VERB	VerbForm=Fin	se cayó	?-caerse-3SG.HUM			
chinta		VERB	VerbForm=Fin	se mojó	?-mojarse-?			
chinti		NOUN		boca				
chinu		VERB	VerbForm=Fin	maté	?-matar-1SG			
chinus		VERB	VerbForm=Fin	mató	?-matar-3SG.MSC			
chinuy		VERB	VerbForm=Fin	mató	?-matar-3SG.HUM			
chinuñ		VERB	VerbForm=Fin	mató	?-matar-?			
chinuú		NOUN		mi hermano				
chinyadi				chismoso				
chiná		VERB	VerbForm=Fin	perdio	?-perder-3SG			
chiní		NOUN		hígado				
chinó		VERB	VerbForm=Fin	entró	?-entrar-?			
chinót		VERB	VerbForm=Fin	se cayó	?-caerse-3SG			
chinʼö		VERB	VerbForm=Fin	soñé	?-soñar-1SG			
chita		NOUN		olla				
chitee		VERB	VerbForm=Fin	se rompió	?-romperse-?			
chitod		VERB	VerbForm=Fin	agarraste	?-agarrar-2SG			
chitöo								
chitöo		VERB	VerbForm=Fin	se reventó	?-reventarse-?			
chivato								
chivatu								
chivatun		NOUN		chivo				
chiya		NOUN		lengua				
chií		VERB	VerbForm=Fin	tomé	?-tomar-1SG			
chiíbat		NOUN		telaraña				
chiíta		VERB	VerbForm=Fin	creció	?-crecer-?			
chiñá		VERB	VerbForm=Fin	se ensució	?-ensuciarse-?			
chiʼiy								
chunti								
chuu		PRON		ésto				
chuʼuu	cheʼe	VERB	VerbForm=Fin	comemos	?-comer-1PL			
chuʼuu	cheʼe	VERB	VerbForm=Fin	comemos	?-comer-1PL			
cháku		NOUN		mi mamá				
chéa		NOUN		comal				
chéanu		VERB		gusté	?-gustar-SG1			
chéatea				grande				
chéatu				sordo				
chéche								
chëe		VERB	VerbForm=Fin	aprendí	?-aprender-1SG			
chìnus		VERB	VerbForm=Fin	mató	?-matar-3SG.MSC			
chìní		NOUN		hígado				
chíbat		NOUN		telaraña				
chíchi				apretado				
chídi		NOUN		garrapata				
chíika		VERB	VerbForm=Fin	corté	?-cortar-?			
chíita		VERB	VerbForm=Fin	creció	?-crecer-?			
chíka		VERB	VerbForm=Fin	corté	?-cortar-?			
chíni		NOUN		frijolar				
chínu		VERB	VerbForm=Fin	maté	?-matar-1SG			
chíní		NOUN		frijolar				
chï				eso				
chó				aquello				
chó'oo				pasó				
chóo								
chóʼoo								
chú'üu	kaʼan	VERB	VerbForm=Fin	fuimos	?-ir-1PL			
chúnti		NOUN		grillo				
chúntii		NOUN		grillo				
chúʼüu	kaʼan	VERB	VerbForm=Fin	fuimos	COM-ir-1PL			
clinika	clínica	NOUN		clínica				
daanu		NOUN		sombra				
dada		NOUN		yerno				
dada		NOUN		cuñado				
daday		NOUN		su yerno	yerno-POSS.3SG.HUM			
daku		NOUN		sobrino				
dama				igual				
dami								
damid								
damí								
dankubi		NOUN		llovizna				
danti				flojera				
dantu		NOUN		cuello				
danu				raro				
daya		NOUN		hijo(a)				
dayaa		NOUN		su hijo(a)				
dayad		NOUN		tu hijo(a)	hijo-POSS.SG2			
dayas		NOUN		su hijo(a)	hijo-POSS.SG3.MSC			
dayata	daya	NOUN		su.hijo(a)	hijo-POSS.3SG.FEM			
dayay		NOUN		su hijo(a)	hijo-POSS.SG3.HUM			
daybede		NOUN		hijastro(a)				
daynuni		NOUN		ahijado(a)				
daá								
dea								
deabea				limpio				
deabea				alumbrado				
deache		NOUN		resina				
deachea		NOUN		mugre				
deakea				despeinado(a)				
deakea		NOUN		nido				
deaku		NOUN		basura				
deanud								
dechea								
dibaku								
dibi				estiercol				
dibyudi		NOUN		mala mujer				
dibíkuy								
did								
dii				resistente				
diibi		NOUN		estiércol				
diijuku		NOUN		tecolote				
diinuu		NOUN		gorro				
diis								
diiyu								
diiñu		NOUN		diente				
dijinuy		NOUN		nieto				
dijuku		NOUN		tecolote				
dijú								
dikadi		VERB		peso				
dikaya								
dikayan		NOUN		niños				
dikunú		NOUN		nuera				
dikuo'oo		NOUN		bebé				
dikuoʼo								
dikuoʼoo		NOUN		bebé				
dikúnu		NOUN		nuera				
dimaan		ADV		pasado mañana				
dimoo				sólo, puro				
dimoʼö								
dimá		ADV		pasado mañana				
din								
dinaá				hice				
dininii		NOUN		cuerno				
dinu		NOUN		mi hermano				
dinuu		NOUN		gorro				
dinuu		NOUN		talón				
dinuu		NOUN		mi hermano				
dinuun		NOUN		mi hermano				
dinán		VERB		preparan	?-preparar-?			
dituu		VERB	VerbForm=Stat	fuerte				
dituuy				fuerte				
diya		NOUN		tío				
diyan		NOUN		tío				
diyda'a		NOUN		raíz				
dií								
diñu		NOUN		diente				
dnee								
dnete		NOUN		ejote				
du'u		PRON	PronType=Int	quien				
duchii		NOUN		bromas				
dudi		NOUN		tía				
duku		NOUN		ladrón				
dunu								
dunun		NOUN		mi tío				
dut								
dutit		NOUN		huevo				
dutu		NOUN		nariz				
duutu		NOUN		tronco				
duuʼu		PRON	PronType=Int	quién				
duú		NOUN		uña				
duʼu		PRON	PronType=Int	quién				
dànu		NOUN		sombra				
dáaya				tartamuda				
déa								
dìya		NOUN		tío				
dí		PRON	PronType=Prs	tú	2SG			
díi		NOUN		caspa				
díi				tamo				
díkuy				pecho				
díma		NOUN		cáscara				
dínu		NOUN		hermano				
dínud		VERB		apretas	?-apretar-2SG			
díta		NOUN		pájaro carpintero				
dítdanti		NOUN		correcamino				
dítu		NOUN		orilla				
dítuu		NOUN		orilla				
díyu		NOUN		liana				
dï								
dóo				hiel				
dúchi				codo				
dúdi		NOUN		tía				
dúdut		NOUN		sus plumas				
dúku				robé				
dúkuu		VERB	VerbForm=Fin	robé	?-robar-?			
dúnu								
dü		NOUN		manteca				
dü		NOUN		uña				
düntuu				marca de un golpe				
eaku				suena				
eanu		VERB		gusto	?-gustar-1SG			
eanud		VERB	VerbForm=Fin	gustas	?-gustar-2SG			
eanus		VERB	VerbForm=Fin	gusta	?-gustar-3SG.MSC			
eanut		VERB	VerbForm=Fin	gusta	?-gustar-3SG			
eate								
eatoʼóy		VERB		echa pico				
eatu		VERB	VerbForm=Fin	estoy levantando	?-levantar-?			
eatú		VERB	VerbForm=Fin	golpeé	?-golpear-?			
eche				punzado				
ey		INTJ		sí				
eñ		VERB		estudiar	?-estudiar-?			
gea				subida				
genee								
gibii		NOUN		hierbabuena				
gideabe				está amaneciendo				
gijobe								
gikuu		NOUN		cuchillo				
gimbeaku		NOUN		hierba santa				
ginchéte		NOUN		lodo				
ginoyaanti				bostezar				
giyeyoo				bule (para agua)				
giyuu		NOUN		carbón				
giʼï				gotea				
gua		PART		no	NEG			
guay		VERB	VerbForm=Fin	traer	?-traer-3SG.HUM			
gèche				macizo				
gèète		NOUN		tripa				
géche		NOUN		ala				
gë								
gëe		VERB	VerbForm=Fin	huele	?-oler-?			
gíta		NOUN		dolor				
gíyeye		NOUN		ceniza				
góo								
iba		NOUN		hielo				
ibu								
ibuu								
icha				frío				
ii				pesa				
ika								
ika		VERB		hago	?-hacer-1SG			
ikay		VERB		hace	?-hacer-?			
iku		ADV		ayer				
ikun		ADV		ayer				
inbakuyan								
inbíku				semana santa				
insen	insen	PRON	PronType=Prs	ustedes	2PL			
inti								
intieʼë		NOUN		autoridad				
intii								
intoʼö		NOUN		suegra				
inu	inu	NUM	NumType=Card	tres				
inun								
inuu				caliente				
inʼö				sueño,soñar				
it dituu		NOUN		mula				
it dutu		NOUN		caracol				
it icha		NOUN		cochinilla				
it								
itcheanu		NOUN		venado				
itdaʼaa		NOUN		alacrán				
itduza		NOUN		puerco espín				
iti		NOUN		animal				
itintu		NOUN		toro				
itjingatu				libélula				
itjoó		NOUN		cadera				
itkudintaa		NOUN		tijerilla(insecto)				
itsoʼö		NOUN		guajolote				
itsó		NOUN		sapo				
itñeʼë		NOUN		mis animales	animal#base-POSS.1SG			
itñoʼo		NOUN		insecto palo				
itñoʼö		NOUN		luciérnaga				
iyaa		NOUN		chile				
iynutii		NOUN		chile piquín				
iyu		NOUN		mes, luna				
iyu		NOUN		luna				
iñ		NOUN		gente				
iña		NOUN		gente				
iñan		NOUN		gente				
iñsen								
iñsoʼö niku				suegro				
iñtoʼö		NOUN		guajolota				
iñuu								
iñʼtoʼö		NOUN		guajolota				
iʼbaa				guacamaya				
iʼyaa		NOUN		águila				
iʼyu		NOUN		mecate				
jaa				nuevo				
jaata		VERB	VerbForm=Fin	compra	?-comprar-3SG.FEM			
jabat		VERB	VerbForm=Fin	ladra	?-ladrar-?			
jabee		NOUN		oreja, oido				
jabnutu				vuelta				
jabnututa		VERB	VerbForm=Fin	da vueltas	?-dar.vueltas-3SG.FEM			
jadi		NOUN		tepache				
jadii		NOUN		tepache				
jaunutu				vuelta				
jaá								
jaʼa		NOUN		cáscara				
jeaas								
jeakuta		VERB	VerbForm=Fin	está llorando	?-llorar-3SG.FEM			
jeakuy		VERB	VerbForm=Fin	llorar	?-llorar-3SG.HUM			
jeakuy		VERB	VerbForm=Fin	tapar	?-tapar-3SG.HUM			
jeanu		VERB	VerbForm=Fin	correr	?-correr-?			
jeanuta								
jeas								
jecheé								
jee	cheʼe	VERB	VerbForm=Fin	como	?-comer-1SG			
jeen								
jeeya	cheʼe	VERB	VerbForm=Fin	come	?-comer-3SG.HUM			
jeé		VERB	VerbForm=Fin	como	?-comer-1SG			
jeés								
jeét	cheʼe	VERB	VerbForm=Fin	come	?-comer-3SG 			
jeéta	cheʼe	VERB	VerbForm=Fin	come	?-comer-3SG.FEM			
jeéy	cheʼe	VERB	VerbForm=Fin	come	?-comer-3SG.HUM			
jeʼe	cheʼe	VERB	VerbForm=Fin	estoy.comiendo	?-comer-1SG			
jeʼen	kaʼan	VERB	VerbForm=Fin	vamos	?-ir-1PL			
jeʼet	cheʼe	VERB	VerbForm=Fin	come	?-comer-3SG 			
jeʼey		VERB	VerbForm=Fin	comen	?-comer-?			
jeʼeñ	kaʼan	VERB	VerbForm=Fin	va	?-ir-?			
jeʼé	kaʼan	VERB	VerbForm=Fin	voy	?-ir-1SG			
jeʼët		VERB	VerbForm=Fin	ir	?-ir-3SG			
jeʼëta	kaʼan	VERB	VerbForm=Fin	van	?-ir-3SG.FEM			
jeʼëñ	kaʼan	VERB	VerbForm=Fin	va	?-ir-?			
ji								
jiba		NOUN		petate				
Jibaku		PROPN		Cuicatlán	LOC			
Jibakun		PROPN		Cuicatlán	LOC			
jichiba		VERB	VerbForm=Fin	sirve	?-servir-?			
jichisnee		VERB	VerbForm=Fin	amarro	?-amarrar-?			
jichoó		VERB	VerbForm=Fin	paso	?-pasar-?			
jideabe				amanece				
jideku								
jidi		VERB	VerbForm=Fin	hace	?-hacer-?			
jidijü		VERB	VerbForm=Fin	estoy escribiendo	?-escribir-1SG			
jidis		VERB	VerbForm=Fin	hace	?-hacer-3SG.MSC			
jidií		VERB	VerbForm=Fin	hacer	?-hacer-?			
jidiñ		VERB	VerbForm=Fin	está haciendo	?-hacer-?			
jidkueakus		VERB		tocar campana				
jidéaku		NOUN		basura				
jidí		VERB	VerbForm=Fin	hacer	?-hacer-1SG			
jigea		VERB	VerbForm=Fin	cae	?-caer-?			
jii								
jiinus								
jiinuy		VERB	VerbForm=Fin	siembra	?-sembrar-3SG.HUM			
jijobaa				sombras de estaciones en la fiesta de semana santa				
jijéa		VERB	VerbForm=Fin	se tira	?-tirarse-?			
jika		NOUN		camina				
jikadi		VERB	VerbForm=Fin	puede	?-poder-?			
jikioʼö		NOUN		bosque				
jikiöo								
jikney		VERB	VerbForm=Fin	cargan	?-cargar-?			
jiknó		VERB	VerbForm=Fin	salen	?-salir-?			
jiku		NOUN		río, cerro				
jikuu								
jima		NOUN		sal				
jimaa								
jinanuchi		VERB	VerbForm=Fin	me despierto	?-despertarse-?			
jinanus		VERB	VerbForm=Fin	está lavando	?-lavar-3SG.MSC			
jinatnoy		VERB	VerbForm=Fin	está sacando	?-sacar-3SG.HUM			
jinay		VERB	VerbForm=Fin	lleva	?-llevar-?			
jinaá		VERB	VerbForm=Fin	preparo	?-preparar-1SG			
jinbinti								
jinda								
jindiyaa		VERB	VerbForm=Fin	asusta	?-asusta-?			
jinee								
jinenúkuta								
jiney		VERB	VerbForm=Fin		?-hablar-?			
jineñ		VERB	VerbForm=Fin	pone	?-poner-?			
jineʼe								
jingaku		VERB	VerbForm=Fin	recuerdo	?-recordar-?			
jingu		VERB		moler				
jinguata		VERB		traer	?-traer-3SG.FEM			
jinguay		VERB	VerbForm=Fin	va a traer	?-traer-?			
jingunoo		VERB		masticar				
jinguy		VERB	VerbForm=Fin	dejar	?-dejar-?			
jinguyu								
jingö		NOUN		milpa				
jiniku		VERB	VerbForm=Fin	vendo	?-vender-1SG			
jinikus		VERB	VerbForm=Fin	vende	?-vender-3SG.MSC			
jinikuta		VERB	VerbForm=Fin	vende	?-vender-3SG.FEM			
jinikuy		VERB	VerbForm=Fin	vende	?-vender-3SG.HUM			
jinkatu								
jinkue								
jinkuë		VERB	VerbForm=Fin	revuelve	?-revolver-?			
jino		VERB	VerbForm=Fin	sale	?-salir-?			
jinoo		VERB	VerbForm=Fin	sale	?-salir-?			
jinta		VERB		se moja				
jintibiy		VERB	VerbForm=Fin	hace	?-hacer-3SG.HUM			
jintu				barbecho				
jinus		VERB	VerbForm=Fin	usa	?-usar-?			
jinuu		VERB	VerbForm=Fin	pongo	?-poner-1SG			
jinuy		VERB	VerbForm=Fin	pone	?-poner-3SG.HUM			
jinákuu		NOUN		reglamento, bastón de mando				
jinánuy		VERB	VerbForm=Fin	está lavando	?-lavar-3SG.HUM			
jináy		VERB	VerbForm=Fin	preparan	?-preparar-?			
jiné								
jinéacheta		VERB	VerbForm=Fin	barre	?-barrer-?			
jinìnii		NOUN		araña				
jiníkuy		VERB	VerbForm=Fin	vendio	?-vender-3SG.HUM			
jinó		VERB	VerbForm=Fin	sale	?-salir-?			
jita		VERB	VerbForm=Fin	canta	?-cantar-?			
jitatï								
jitbon		VERB		atrapar	?-atrapar-?			
jitiaka		NOUN		platanal				
jitií		VERB		se seca	?-secarse-?			
jitnoy		VERB	VerbForm=Fin	hace	?-hacer-3SG.HUM			
jitubii		VERB	VerbForm=Fin	ocupo	?-ocupar-1SG			
jitubita		VERB	VerbForm=Fin	ocupa	?-ocupar-3SG.FEM			
jitubiy		VERB	VerbForm=Fin	ocupan	?-ocupar-3SG.HUM			
jitúbiy		VERB	VerbForm=Fin	ocupa	?-ocupar-3SG.HUM			
jiyuu		NOUN		carrizo				
jiyáka		NOUN		polvo				
jiì		VERB	VerbForm=Fin	tomo	?-tomar-1SG			
jiíy		VERB	VerbForm=Fin	toma	?-tomar-3SG.HUM			
jiñöo								
jiʼi								
jobe		NOUN		día				
jobey								
joobe		NOUN		voladero				
joʼo								
joʼoy		VERB	VerbForm=Fin	da	?-dar-?			
joʼó								
joʼód		VERB	VerbForm=Fin	dices	?-decir-2SG			
joʼö				suena				
jubid								
jubii		NOUN		lugar arenoso				
jubii				_				
juchi		NOUN		sobrina				
Julio	Julio	PROPN		Julio				
juu								
juuchi		NOUN		flama				
juú		NUM		cinco				
juʼü		NUM		cinco				
jààba		NOUN		ingredientes				
jáa								
jába		VERB	VerbForm=Fin	ladra	?-ladrar-?			
jëʼe		VERB	VerbForm=Fin	voy	?-ir-?			
jììya								
jí								
jíba				arrollo o sanja				
jíku		NOUN		cerro				
jíku		NOUN		río				
jíkuu		NOUN		río				
jínay								
jíntinii				estaca para sembrar				
jínus		VERB	VerbForm=Fin	siembra	?-sembrar-3SG.MSC			
jínuñ		VERB	VerbForm=Fin	siembra	?-sembrar-?			
jínyinii		VERB	VerbForm=Fin	sembrar	?-sembrar-?			
jíyuu		NOUN		carrizo				
jòò		NUM		seis				
jóbe		NOUN		nombre				
jóbey								
júku		NOUN		estaca				
kaa		VERB	VerbForm=Fin	comprar	?-comprar-?			
kaaba				suelto				
kaaka		VERB	VerbForm=Fin	cortar	?-cortar-?			
kaba				feo				
kabachi								
kachi								
kachika		VERB		anda	?-andar-?			
kachí		VERB	VerbForm=Fin	vomitar	?-vomitar-?			
kad		VERB	VerbForm=Fin	comprar	?-comprar-2SG			
kadi		NOUN		peso($)				
kadinu		VERB	VerbForm=Fin	me enteraré	?-enterarse-1SG			
kadínu		VERB	VerbForm=Fin	almorzar	?-almorzar-1SG			
kajobe		ADV		anteayer				
kaka		NOUN		papel				
kaka yòò				cal				
kakad		VERB	VerbForm=Fin	corta	?-cortar-2SG			
kakay		VERB		echar tortilla				
kakioʼöd		VERB	VerbForm=Fin	quemar	?-quemar-2SG			
kamad		VERB	VerbForm=Fin	leer	?-leer-2SG			
kambo		NOUN		compadre				
kanat		VERB	VerbForm=Fin	lleva	?-llevar-3SG			
kanbaku		VERB	VerbForm=Fin	casarse	?-casarse-1SG			
kanbakud		VERB	VerbForm=Fin	casarse	?-casarse-2SG			
kane				está				
kaned								
kanee		VERB	VerbForm=Fin	se quedó	?-quedarse-?			
kanet								
kaneé		VERB	VerbForm=Fin	cargar	?-cargar-?			
kaneñ								
kanguad		VERB		traer	?-traer-2SG			
kanguu								
kangùy		VERB		va a dejar				
kani				rápido				
kaniku				deber (algo pendiente)				
kano		VERB	VerbForm=Fin	salieron	?-salir-?			
kanoo		VERB	VerbForm=Fin	salió	?-salir-?			
kantaa		NOUN		guerra				
kanuchii								
kanuu		VERB		está				
kanuy		VERB		está	?-estar-3SG.HUM			
kanuñ				está (adentro)				
kané								
kaníku				algo colgado				
kanó		VERB	VerbForm=Fin	salí	?-salir-1SG			
kanú		VERB	VerbForm=Fin	cargar	?-cargar-?			
karrunti		NOUN		arcoiris				
kastila								
kat				porque				
kata		VERB	VerbForm=Fin	canta	?-cantar-?			
katad		VERB	VerbForm=Fin	cantar	?-cantar-2SG			
kataʼa								
kay		VERB	VerbForm=Fin	comprar	?-comprar-3SG.HUM			
kayadu		VERB	VerbForm=Fin	dormir	?-dormir-?			
kaá		VERB	VerbForm=Fin	compré	?-comprar-1SG			
keabea		NOUN		hermano(a)				
keabeay								
keaben		NOUN		mi hermano				
keade								
keadea		NOUN		comezón				
kiana		NOUN		camisa				
kinü	kinü	ADV		mañana en la noche				
kiuñú								
ko								
kon								
kon				ese				
koon				ese				
koon		NOUN		señora				
koó				ese				
koón				ese				
koʼo		NOUN		pie				
koʼo	kaʼan	VERB	VerbForm=Fin	iré	POT-ir-1SG			
koʼos								
koʼoy		VERB	VerbForm=Fin	pegaron	?-pegar-?			
koʼoñ	kaʼan	VERB	VerbForm=Fin	irá	POT-ir-?			
koʼó								
koʼö	kaʼan	VERB	VerbForm=Fin	iré	POT-ir-1SG			
koʼöd	kaʼan	VERB	VerbForm=Fin	irás	POT-ir-2SG			
ku				este				
kua		VERB	VerbForm=Fin	comprar	?-comprar-?			
kuaa		NOUN		relámpago				
kuaa		VERB	VerbForm=Fin	comprar	?-comprar-?			
kuad		VERB	VerbForm=Fin	comprar	?-comprar-2SG			
kuaku				derecho				
kuay								
kubdeabea				amanecer				
kubi		NOUN		lluvia				
kubii								
kubnoʼo								
kubnoʼö		NOUN		aguacero				
kuch-cheanu		NOUN		jabalí				
kuch-nùni		NOUN		tepexcuintle				
kuchba								
kuchi		NOUN		marrano				
kuchii		NOUN		puerco				
kudiana				campamocha				
kudima		NOUN		calzón de manta.				
kudintaa		NOUN		tijera				
kudubi		NOUN		cuchara				
kuea				blanco				
kueatea				canasto				
kueatoʼoy		VERB		echar pico	?-echar.pico-?			
kueatʼichi		NOUN		canasta				
kued		VERB	VerbForm=Fin	vé	?-ir-2SG			
kuee								
kuejobe				azul cielo				
kuejuku				adornar				
kueta		NOUN		cohete				
kueta		VERB	VerbForm=Fin	fue	?-ir-SG3.FEM			
kuete		NOUN		campo				
kueten		NOUN		campo				
kuey	kaʼan	VERB	VerbForm=Fin	fue	HAB-ir-3SG.HUM			
kueʼe		VERB		va	?-ir-?			
kueʼeñ	kaʼan	VERB	VerbForm=Fin	fue	?-ir-?			
kueʼëd	kaʼan	VERB	VerbForm=Fin	vé	?-ir-2SG			
kueʼëñ	kaʼan	VERB	VerbForm=Fin	fue	HAB-ir-?			
kui								
kuid		VERB		echa	?-echar-?			
kuiku								
kuili				renacuajo				
kuintu				mojado				
kuiñu		NOUN		comadreja				
kuiñú				picudo				
Kukoo		PROPN		Tepeuxila	LOC			
kukubii		NOUN		búho				
kukáa		NOUN		molcajete				
kulanto		NOUN		cilantro				
kulantro		NOUN		cilantro				
kuna								
kuned		VERB	VerbForm=Fin	ayuda	?-ayudar-2SG			
kunette		NOUN		cienpies				
kuni								
kuninun				allá arriba				
kunoo		VERB	VerbForm=Fin	caer	?-caer-?			
kunu		VERB		voy a poner	?-poner-1SG			
kunud		VERB	VerbForm=Fin	ponle	?-poner-2SG			
kunuu				resbaloso				
kuoʼo				rojo				
kuoʼoo								
kusanto		NOUN		copal				
kutea								
kuu		NOUN		víbora				
kuuchi		NOUN		algodón				
kuunód								
kuyadu		VERB		dormir	?-dormir-?			
kuyadud		VERB	VerbForm=Fin	duerme	?-dormir-2SG			
kuàà		NOUN		derrumbe				
kuä				negro				
kuäa								
kuèè				verde				
kué				chueco				
kuéd		VERB	VerbForm=Fin	vé	?-ir-2SG			
kuëd		VERB		aprender				
kuëe				va a llover				
kuí		VERB		echar	?-echar-?			
kuí		VERB		echar	?-echar-?			
kuíyaa		NOUN		escobilla				
kuïñu								
kuöo				amarillo				
kuʼes	kaʼan	VERB	VerbForm=Fin	fue	HAB-ir-3SG.MSC			
kuʼu		NOUN		plato				
kuʼu		VERB	VerbForm=Fin	tomo	?-tomar-1SG			
kuʼö	kuʼö	ADV		antenoche				
kàba				feo				
kàchi		NOUN		avispa				
kàkad		VERB	VerbForm=Fin	cortar	?-cortar-2SG			
ká		VERB	VerbForm=Fin	comprar	?-comprar-1SG			
káa		NOUN		filo				
káchi		VERB	VerbForm=Fin	hierva	?-hervir-?			
káka		NOUN		peine				
kákaa		NOUN		cansancio				
kákud		VERB	VerbForm=Fin	haz	?-hacer-2SG			
kánat								
kánta								
kántu		NOUN		caldo				
kánud		VERB	VerbForm=Fin	corre	?-correr-2SG			
káta		VERB	VerbForm=Fin	compró	?-comprar-3SG.FEM			
káya		VERB	VerbForm=Stat|Number=Plur	pequeñas				
kä				zancudo				
känta				delicado, peligroso				
käntay								
kó				ese				
kú				este				
kúad		VERB	VerbForm=Fin	comprar	?-comprar-2SG			
kúbi								
kúiyu								
kúnu				blando				
kútii		NOUN		sombra				
kúu		NOUN		fierro				
kúë				delgado				
kúʼu		VERB	VerbForm=Fin	tomar	?-tomar-1SG			
kúʼuu		VERB		tomar	?-tomar-?			
küu								
laasi		NOUN		lodo				
laatu				arado				
labente		NOUN		duende				
laka				chachalaca				
lanti		NOUN		hueso				
lantiku								
lantikud		NOUN		costilla				
lantuu								
leabe				aguado				
leantu		NOUN		lagaña				
leeko		NOUN		coyote				
lii				arrugado				
Luis	Luis	PROPN		Luis				
lunch								
lunchi		NOUN		borrego				
lunti				redondo				
luuchi				bonito				
lítu				saquetón				
lï		VERB	VerbForm=Stat|Number=Sing	pequeño				
lö		NOUN		hoyo				
lútii				corto				
maa								
man								
marceja		NOUN		murciélago				
María	María	PROPN		María				
mee				nublado				
meede				calceta				
mii								
mnoo				arriba				
mnòò								
mogechey				axila				
mogeché								
mojobe	mojobe	ADV		hoy				
mojoben	mojobe	ADV		hoy				
moneatea		ADV		semana pasada				
moo				abajo				
mozo		NOUN		mozo				
mu'u				aquí				
mun		ADV		aquí				
muu		ADV		aquí				
muʼu		ADV		aquí				
míi	míi	ADV		ahí				
mï		NOUN		camote				
mïn								
na'ö								
naa								
naama				jabón				
naas								
nabaa								
nabaku		NOUN		mi casa				
nabeanud				recoje				
nabeanud		VERB	VerbForm=Fin	recoger	?-recoger-2SG			
nabeánu				aborto				
nabií								
nabo'oo				cereza/capulín				
naboʼoo								
Nacho	Nacho	PROPN		Nacho				
nadna								
naidii		NOUN		aguacate				
naiyaa		NOUN		salsa				
naiyaá								
naja'a		NOUN		nuez				
najaá								
najaʼa								
naka		VERB	VerbForm=Fin	encontré	?-encontrar-1SG			
nakuu		NOUN		guarache				
nana								
nanad		VERB	VerbForm=Fin	haz	?-hacer-2SG			
naneache								
naneachea				borrar				
nankued		VERB	VerbForm=Fin	levanta	?-levantar-2SG			
nankuníbii								
nanomnod								
nanta		NOUN		flor				
nantibid		VERB		haz	?-hacer-?			
nantioö		NOUN		rosa				
nanuku								
nanáa		VERB	VerbForm=Fin	hacer	?-hacer-?			
nata								
naá								
naíba				mercado				
naídii		NOUN		aguacate				
nbaku		NOUN		casa				
nda								
ndakuu		NOUN		guarache				
ndatan		NOUN		mujeres				
ndaá								
ndea								
ndeayaa		NOUN		durazno				
ndee				mucho				
ndete		NOUN		ejote				
ndeyaa								
ndeyee								
ndimi								
ndios		NOUN		dios				
ndiʼi		NOUN		mosca				
ndoyo								
nduu								
ndá				bueno				
ndáy								
ndéa		NOUN		cacaya				
ndó								
ndúbi		NOUN		grano				
ne								
neache		NUM	NumType=Card	siete				
neatu								
neatuu		NOUN		tomate				
ned								
nede		NOUN		barranca				
nee		VERB	VerbForm=Fin	quería	?-querer-?			
neene		NOUN		guaje				
nenoo								
net								
nete		NOUN		ejote				
neé		VERB	VerbForm=Fin	quiere	?-querer-?			
neés		VERB	VerbForm=Fin	quiere	?-querer-3SG.MSC			
neë								
neñu		VERB		voy a coser	?-coser-?			
neʼe		VERB	VerbForm=Fin	quiero	?-querer-1SG			
neʼe		VERB	VerbForm=Fin	quiere	?-querer-?			
neʼed		VERB	VerbForm=Fin	quieres	?-querer-2SG			
neʼes		VERB	VerbForm=Fin	quiere	?-querer-3SG.MSC			
neʼeñ		VERB	VerbForm=Fin	quiere	?-querer-3SG.HUM			
neʼé		VERB	VerbForm=Fin	quiero	?-querer-1SG			
neʼéd								
neʼë		VERB	VerbForm=Fin	quiero	?-querer-1SG			
neʼëñ								
nguas		VERB	VerbForm=Fin	traer	?-traer-3SG.MSC			
nguay		VERB	VerbForm=Fin	traer	?-traer-?			
nibii		NOUN		papa				
nicha								
nichama		NUM		once				
nichi		NUM		díez				
nichi		VERB	VerbForm=Fin	vi	?-ver-1SG			
nichid		VERB	VerbForm=Fin	viste	?-ver-2SG			
nichis		VERB	VerbForm=Fin	vio	?-ver-?			
nichita		VERB	VerbForm=Fin	vio	?-ver-?			
nichiy		VERB	VerbForm=Fin	vio	?-ver-?			
nichubi		NUM		doce				
niibii								
niichi				ver				
niini		NOUN		guaje				
niku								
nikus		VERB	VerbForm=Fin	vendio	?-vender-3SG.MSC			
ninchii				cocido				
nindamas		VERB	VerbForm=Fin	juntó	?-juntar-3SG.MSC			
nini		NUM	NumType=Card	nueve				
ninjaʼa								
nintubii								
nioʼoo		NOUN		suelo				
niï								
nnintubii				descompuesto				
nnioó								
no	no	ADP		en	LOC			
nobe								
nochi				donde				
nod								
nojobe								
nojoobee								
noo		ADP		en	LOC			
noobe								
nood	kaʼan	VERB	VerbForm=Fin	llegaste	?-?-2SG			
noos								
nooyos								
noy								
noʼo								
noʼo		NOUN		leña				
noʼoo		NOUN		bala				
noʼos		VERB		ir	?-ir-3SG.MSC			
noʼó	kaʼan	VERB	VerbForm=Fin	voy	?-?-1SG			
ntiñu		NOUN		trabajo				
ntu		NOUN		atole				
ntú		NOUN		atole				
nubdamauʼu								
nubi		NOUN		grano				
nubnuni		NOUN		lunar				
nudii		VERB	VerbForm=Fin	se cerró	?-cerrar-?			
nuekueʼen		PRON		todos				
nuko		ADP		con				
nuku	nuku	ADP		con	con			
nukud		NOUN	NounType=Relat	contigo	con-SG2			
nukue'ë				todo				
nukyanti		NOUN		guanábana				
nukyoo		NOUN		membrillo				
nukño'ö		NOUN		brasa				
nukñoʼö								
num								
numiñ								
nun								
nuna		NOUN		pitalla				
nuni		NOUN		agua				
nunkubi		NOUN		agua de lluvia				
nunti		NOUN		delito				
nunyadi		NOUN		refresco				
nunñoʼö		NOUN		mar				
nutbee		NOUN		arete				
nutbii		NOUN		frutas				
nutdiku								
nutdúü								
nutiukuu		NOUN		semilla				
nutnoo		NOUN		ojo				
nutnoos		NOUN		su ojo	ojo-POSS.3SG.MSC			
nutoʼo		NOUN		dedo				
nuttoʼo		NOUN		dedo				
nutyáku								
nutyákuu		NOUN		cebolla				
nutñoo		NOUN		zarzamora				
nutñó		NOUN		zarzamora				
nuuku		NOUN		chirimoya				
nuutii		NOUN		bolita				
nánu		VERB	VerbForm=Fin	lavo	?-lavar-1SG			
néabea								
në		NOUN		mole				
nëe								
nì								
nì				muerto				
níchi		VERB	VerbForm=Fin	vi	?-ver-1SG			
níitu		NOUN		nopal				
nínaa				maduro				
nínii								
nínu	nínu	NOUN		maíz				
nïi		NOUN		chayote				
nó								
nó'o		NOUN		maestro, adobe				
Nóba	Nóba	PROPN		Oaxaca				
nóyota		NOUN		años				
nóó								
nóʼo								
nùni		NOUN		agua				
nùnim								
núku		NOUN		conmigo	con-POSS.1SG			
núni		NOUN		frijol				
núuku		NOUN		vara				
o								
obe		NUM		dos				
pañu		NOUN		rebozo				
poʼo								
pö		NOUN		pan				
raabu		NOUN		mostaza				
rampa				calvo				
ranku								
ranti		NOUN		ruído				
rantiya		NOUN		rodilla				
raʼa								
renke				flaco				
runtíya		NOUN		rodilla				
ráti				rasposo				
sadï		NOUN		mi niño				
sako	sakoo	PRON	PronType=Prs	él	3SG.MSC			
sakon	sakoo	PRON	PronType=Prs	él	3SG.MSC			
sakoo	sakoo	PRON	PronType=Prs	él	3SG.MSC			
sakoon	sakoo	PRON	PronType=Prs	él	3SG.MSC			
sakoó								
sakuiti		NOUN		escarabajo				
sakó	sakoo	PRON	PronType=Prs	él	3SG.MSC			
sakó								
sangoʼoo		NOUN		arriera				
sangáta		NOUN		lobo				
sankubi		NOUN		borracho				
santieʼe		NOUN		autoridades				
santieʼe								
santië		NOUN		presidente				
saíkuu		NOUN		buitre				
si								
si		PRON		eso				
skuela	skuela	NOUN		escuela				
snet				están				
snii		NOUN		sombrero				
snu								
snuni		NOUN		padrino				
snuu								
snuú								
sné								
snï		NOUN		sobrino				
snú								
snúni		NOUN		padrino				
soʼö		NOUN		hombre				
stebe		NOUN		corazón				
sópa				grueso(a)				
taa								
tadii		NOUN		niña				
tadin		NOUN		niña				
tadï		NOUN		niña				
taka								
takabea								
takon	takoo	PRON	PronType=Prs	ella	3SG.FEM			
takoo	takoo	PRON	PronType=Prs	ella	3SG.FEM			
takoó								
tama								
tamoʼo		VERB		abrazar	?-abrazar-?			
tanod		VERB	VerbForm=Fin	sácale	?-sacar-2SG			
tatioo								
tecolote		NOUN		tecolote				
ted		VERB		dame	?-dar-2SG			
ti				ese				
tiaka		NOUN		plátano				
tiba		NOUN		empanada				
tibi		VERB	VerbForm=Fin	fumar	?-fumar-?			
tii								
tiid								
tika		NOUN		ropa				
tikaa		NOUN		mi ropa				
tikoo								
tiku								
tin				ese				
tiudi		NOUN		ratón				
tiäa		NOUN		chicozapote				
tnoʼo								
to				mucho				
to								
toch	tochi	SCONJ		cuando	cuando			
tochi	tochi	SCONJ		cuando	cuando			
too				mucho				
toó								
toó				allí				
toʼo		NOUN		mano				
toʼoo		NOUN		mano				
toʼos		NOUN		su esposa	esposa-POSS.3SG.MSC			
toʼö								
tuma		VERB		cortar	?-cortar-?			
tumaa		VERB		cortar	?-cortar-?			
tumi	tumi	NOUN		dinero				
tusoʼö		NOUN		gallo				
tutoʼö		NOUN		gallina				
tuu		NOUN		piedra				
tuʼu		NOUN		pollo				
tuʼú		NOUN		pollo				
tuʼú								
tíku		NOUN		chapulín				
tíkun		NOUN		chapulín				
tími		NOUN		ombligo				
tíntu		NOUN		colibrí				
tínu								
tíyu		NOUN		tenatillo				
tíñ								
tï		NOUN		cabeza				
tïd		NOUN		tu cabello	cabello-POSS.2SG			
tïi		NOUN		cabeza				
tòò		ADV		ahí				
tö								
töo								
tös								
tös				enojado				
tú		NOUN		pulgada				
túʼu								
un	uu	PRON	PronType=Prs	yo	1SG			
uu	uu	PRON	PronType=Prs	yo	1SG			
ya'a		VERB		duele				
ya'a		NOUN		dolor				
ya'a		VERB		amo	?-amar-?			
ya'aa		NOUN		jícara				
yaaʼa								
yabi		ADV		anoche				
yaca								
yachi		NOUN		masa				
yada		NOUN		pájaro				
yada		NOUN		perro				
yadi				dulce				
yadkuöo		NOUN		canario				
yadnuni		NOUN		pato				
yadyeeko		NOUN		codorniz				
yagii				duele				
yaka		NOUN		pescado				
yakaa		NOUN		ocote				
yaku				alto				
yakun		NOUN		iglesia				
yama		NOUN		zacate				
yami		NOUN		humo				
yana		NOUN		perro				
yana		NOUN		perro				
yanuʼu								
yat kúiyu				sause				
yat								
yata		NOUN		hierba				
yata		NOUN		paloma				
yata		NOUN		pichón				
yati				chindete				
yatneachea		NOUN		escoba de vara				
yaá				está				
yaás								
yaʼa								
yaʼa		VERB		duele				
yaʼaa		NOUN		jícara				
yaʼá								
yeabe								
yeabea				bonito(a)				
yeabean				mucho, muy				
yo'o				culluchi				
yojinu				contento(a)				
yoko		NOUN		tenate para cargar				
yoo				amargo				
yoo				brazada				
yoo kastila		NOUN		sávila				
yoʼo								
yubi				tejón				
yuchii		NOUN		puño				
yuchmee		NOUN		cerebro				
yudi		NOUN		rata				
yudii				arrugado				
yudnoo				barba				
yudnooy		NOUN		barba				
yudu		NOUN		cabello				
yuduu				plano (lugar)				
yukjaʼa		NOUN		chilacayota				
yuku		NOUN		tenate para cargar				
yukuu		NOUN		calabaza				
yuna		NOUN		zorro				
yuni								
yuntu		NOUN		tortilla				
yuta		NOUN		carne				
yuti		NOUN		costra				
yuudu		NOUN		metate				
yuuna		NOUN		aire				
yuuni		NOUN		pasto				
yuunu		NOUN		cigarro				
yàaku		NOUN		mosquito				
yàbi		ADV		anoche				
yàku				apestoso				
yàna		NOUN		red				
yàta		NOUN		hierba				
yába		NOUN		rocas planas				
yába		NOUN		piedra grande				
yába				memela				
yábaa		NOUN		arador				
yábi		VERB		le hablé				
yáda		NOUN		pájaro				
yádi								
yáku		NOUN		iglesia				
yánaa		NOUN		mi perro				
yáta		NOUN		tlacuache				
yáti				simple				
yáʼa				húmedo				
yââ		NOUN		barranco				
yéabea		NOUN		mariposa				
yùni		NOUN		camino				
yúbi		NOUN		mapache				
yúdi		NOUN		elote				
yúdii		NOUN		elote				
yúdu								
yúduu		NOUN		caballo				
yúku		NOUN		lagartija				
yúkuu		NOUN		calabaza				
yúni		NOUN		camino				
yúntu		NOUN		tabla				
yúnuu				tierno				
yúuni		NOUN		camino				
zangáta		NOUN		lobo				
áa				resuena				
át								
áta								
ìkut		VERB		pone	?-poner-?			
íba		NOUN		hilo				
ícha		NOUN		tipo de quelite				
íi		VERB	VerbForm=Fin	echo	?-echar-SG1			
íku	íku	ADV		ayer				
íkùù				hormiga				
íma		NOUN		zorrillo				
ínu		VERB	VerbForm=Fin	mato	?-matar-1SG			
ínuu		NOUN		calor				
íyu		NOUN		pulga				
íñu		NOUN		estrella				
íʼku		NOUN		piojo				
ña								
ñaa		NOUN		vela				
ñaat								
ñana		NOUN		perro				
ñana								
ñaña								
ñañaa		NOUN		coyote				
ñaʼa								
ñe								
ñee								
ñeedin								
ñeeta	ñeʼe	NOUN	NounType=Relat	de ella	base-POSS.3SG.FEM			
ñeeñ								
ñeé								
ñeʼe	ñeʼe	NOUN	NounType=Relat	de él	base-POSS.3SG			
ñeʼed	ñeʼe	NOUN	NounType=Relat	de ti	base-POSS.2SG			
ñeʼen		VERB	VerbForm=Fin	quiere	?-querer-?			
ñeʼeñ	ñeʼe	NOUN	NounType=Relat	de él	base-POSS.3SG.HUM			
ñeʼë	ñeʼe	NOUN	NounType=Relat	de mí	base-POSS.1SG			
ñeʼën	ñeʼe	NOUN	NounType=Relat	de mí	base-POSS.1SG			
ñeʼës	ñeʼe	NOUN	NounType=Relat	de él	base-POSS.3SG.MSC			
ñeʼëñ	ñeʼe	NOUN	NounType=Relat	de él	base-POSS.3SG.HUM			
ñojínu				contento(a)				
ñonútii		NOUN		arena				
ñoo								
ñoo		NOUN		pueblo				
ñoó		NOUN		lumbre				
ñoʼo	ñoʼo	NOUN		árbol				
ñoʼon								
ñoʼon		NOUN		pueblo				
ñoʼoo		NOUN		tierra, barro				
ñoʼó		NOUN		terreno				
ñoʼó								
ñoʼö	ñoʼo	NOUN		árbol				
ñoʼö		NOUN		pueblo				
ñoʼön								
ñu		NOUN		granizo				
ñuu								
ñuu		NOUN		mazorca				
ñuʼüu								
ñëd								
ñëd		NOUN		camisa				
ñëe								
ñëta	ñeʼe	NOUN	NounType=Relat	de ella	base-POSS.3SG.FEM			
ñëʼed	ñeʼe	NOUN	NounType=Relat	de ti	base-POSS.2SG			
ñëʼen								
ñëʼes	ñeʼe	NOUN	NounType=Relat	de él	base-POSS.3SG.MSC			
ñëʼeñ	ñeʼe	NOUN	NounType=Relat	de él	base-POSS.3SG.HUM			
ñëʼét								
ñò								
ñò		NOUN		espina				
ñòon								
ñó								
ñó		NOUN		pueblo				
ñóngukuu		NOUN		barro				
ñóo								
ñóʼoo		NOUN		barro				
ñöo								
ñú								
ñú		NOUN		mazorca				
ö								
ú	uu	PRON	PronType=Prs	yo	1SG			
üñ								
üñ		VERB		raja	?-rajar-?			